

INSERT INTO `cad_veiculos` (`Id`, `Created_At`, `Updated_At`, `Cliente_Id`, `Placa`, `Modelo_Id`, `Ano_Fab`, `Ano_Mod`, `Cor`, `Chassi`, `Renavam`, `KM`, `Combustivel`, `Observacao`, `Principal`, `Ativo`) VALUES
(1, '2025-10-14 00:15:26.000000', '2025-11-13 21:01:16.673513', 1, 'ABC1D23', 1, 2021, 0, 'Prata', '9BRBLW12345678901', '01234567890', '10.000', 'Gasolina', 'Veículo principal', 1, 1),
(2, '2025-10-14 00:15:26.000000', '2025-11-13 21:01:16.673513', 2, 'EFG4H56', 2, 2020, 0, 'Preto', '9BGBCW23456789012', '11223344556', '10.000', 'Flex', 'Uso diário', 1, 1),
(3, '2025-10-14 00:15:26.000000', '2025-11-13 21:01:16.673513', 3, 'IJK7L89', 3, 2022, 0, 'Branco', '9BWZZZ377VT004251', '22334455667', '10.000', 'Gasolina', 'Veículo de testes', 1, 1),
(4, '2025-10-14 00:15:26.000000', '2025-11-13 21:01:16.673513', 4, 'MNO0P12', 4, 2019, 0, 'Vermelho', '8APZZZ15678945012', '65465467987', '10.000', 'Flex', 'Uso particular', 1, 1),
(5, '2025-10-14 00:15:26.000000', '2025-11-13 21:01:16.673513', 7, 'QRS3T45', 5, 2021, 0, 'Azul', '9BFZXXE6549873210', '33445566778', '10.000', 'Diesel', 'Frota TechFleet', 1, 1),
(6, '2025-11-13 12:17:00.000000', '2025-11-13 21:01:16.673513', 8, 'XYZ9A87', 6, 2020, 2020, 'Cinza', '9CABCDEF123456789', '44556677889', '10.000', 'Gasolina', 'Revisão em dia', 1, 1),
(7, '2025-11-13 12:17:00.000000', '2025-11-13 21:01:16.673513', 9, 'BCD8E76', 7, 2021, 2021, 'Branco', '9DBCDEFG234567890', '55667788990', '10.000', 'Flex', 'Segundo dono', 0, 1),
(8, '2025-11-13 12:17:00.000000', '2025-11-13 21:01:16.673513', 10, 'FGH7I65', 8, 2022, 2022, 'Prata', '9ECDEFGH345678901', '66778899001', '10.000', 'Flex', 'Uso familiar', 1, 1),
(10, '2025-11-13 12:17:00.000000', '2025-11-13 21:01:16.673513', 12, 'NOP5Q43', 10, 2021, 2021, 'Azul', '9GDEFGHB567890123', '88990011223', '10.000', 'Gasolina', 'Pouco rodado', 1, 1),
(11, '2025-11-13 12:17:00.000000', '2025-11-13 21:01:16.673513', 13, 'RST4U32', 11, 2020, 2020, 'Vermelho', '9HDEFGHJ678901234', '99001122334', '10.000', 'Flex', '', 1, 1),
(12, '2025-11-13 12:17:00.000000', '2025-11-13 21:01:16.673513', 14, 'VWX3Y21', 12, 2019, 2019, 'Preto', '9IDEFGH K789012345', '00112233445', '10.000', 'Gasolina', 'Veículo de luxo', 1, 1),
(13, '2025-11-13 12:17:00.000000', '2025-11-13 21:01:16.673513', 15, 'ZAB2C10', 13, 2022, 2022, 'Branco', '9JDEFGH L890123456', '118573344556', '10.000', 'Flex', 'Blindado', 0, 1),
(14, '2025-11-13 12:17:00.000000', '2025-11-13 21:01:16.673513', 16, 'CDE1F09', 14, 2021, 2022, 'Cinza', '9KDEFGH M901234567', '22334464667', '10.000', 'Gasolina', 'Teto solar', 1, 1),
(15, '2025-11-13 12:17:00.000000', '2025-11-13 21:01:16.673513', 17, 'FGH0I98', 15, 2018, 2019, 'Prata', '9LDEFGH N012345678', '33445346778', '10.000', 'Flex', 'Garantia de fábrica', 0, 1),
(16, '2025-11-13 12:17:00.000000', '2025-11-13 21:11:55.430787', 18, 'JKL9M87', 16, 2021, 2021, 'Verde', '9MDEFGH P123456789', '44554677889', '10.000', 'Diesel', '4x4', 1, 0),
(17, '2025-11-13 12:17:00.000000', '2025-11-13 21:01:16.673513', 19, 'NOP8Q76', 17, 2019, 2019, 'Azul', '9NDEFGH Q234567890', '556673665990', '10.000', 'Diesel', '7 lugares', 1, 1),
(18, '2025-11-13 12:17:00.000000', '2025-11-13 21:01:16.673513', 20, 'RST7U65', 18, 2020, 2021, 'Branco', '9PDEFGH R345678901', '667772299001', '10.000', 'Híbrido', 'Sistema de segurança avançado', 1, 1),
(19, '2025-11-13 12:17:00.000000', '2025-11-13 21:01:16.673513', 21, 'VWX6Y54', 19, 2022, 2022, 'Preto', '9QDEFGH S456789012', '778898900112', '10.000', 'Diesel', 'Pneus novos', 0, 1),
(20, '2025-11-13 12:17:00.000000', '2025-11-13 21:01:16.673513', 22, 'ZAB5C43', 20, 2018, 2018, 'Azul', '9RDEFGH T567890123', '889930011223', '10.000', 'Gasolina', 'Tração integral', 1, 1),
(21, '2025-11-13 12:17:00.000000', '2025-11-13 21:01:16.673513', 23, 'CDE4F32', 21, 2019, 2019, 'Vermelho', '9SDEFGH U678901234', '990001122334', '10.000', 'Gasolina', 'Importado', 0, 1),
(22, '2025-11-13 12:17:00.000000', '2025-11-13 21:01:16.673513', 24, 'FGH3I21', 22, 2021, 2021, 'Preto', '9TDEFGH V789012345', '0011223433445', '10.000', 'Híbrido', 'Veículo de diretoria', 1, 1),
(23, '2025-11-13 12:17:00.000000', '2025-11-13 21:01:16.673513', 25, 'JKL2M10', 23, 2020, 2020, 'Amarelo', '9UDEFGH W890123456', '11224544557', '10.000', 'Gasolina', 'Esportivo', 1, 1),
(24, '2025-11-13 12:17:00.000000', '2025-11-13 21:01:16.673513', 26, 'NOP1Q09', 24, 2019, 2020, 'Verde', '9VDEFGH X901234567', '22334574668', '10.000', 'Gasolina', '', 0, 1),
(25, '2025-11-13 12:17:00.000000', '2025-11-13 21:01:16.673513', 27, 'RST0U98', 25, 2022, 2022, 'Vermelho', '9WDEFGH Y012345678', '33445566779', '10.000', 'Flex', 'Customizado', 1, 1),
(26, '2025-11-13 12:17:00.000000', '2025-11-13 21:01:16.673513', 28, 'VWX9Y87', 26, 2021, 2021, 'Branco', '9XDEFGH Z123456789', '4455253477890', '10.000', 'Flex', 'Teto panorâmico', 1, 1),
(27, '2025-11-13 12:17:00.000000', '2025-11-13 21:01:16.673513', 29, 'ZAB8C76', 27, 2020, 2020, 'Prata', '9YDEFGH1234567890', '55667788991', '10.000', 'Elétrico', '100% elétrico', 0, 1),
(28, '2025-11-13 12:17:00.000000', '2025-11-13 21:01:16.673513', 30, 'CDE7F65', 28, 2022, 2022, 'Preto', '9ZDEFGH2345678901', '66778899002', '10.000', 'Diesel', 'Capota marítima', 1, 1),
(29, '2025-11-13 12:17:00.000000', '2025-11-13 21:01:16.673513', 31, 'FGH6I54', 29, 2018, 2018, 'Laranja', '9ADEFGH3456789012', '77889900113', '10.000', 'Gasolina', 'Muscle car', 1, 1),
(30, '2025-11-13 12:17:00.000000', '2025-11-13 21:01:16.673513', 32, 'JKL5M43', 30, 2017, 2017, 'Cinza', '9BDEFGH4567890123', '88990011224', '10.000', 'Gasolina', 'Veículo de colecionador', 0, 1),
(31, '2025-11-13 12:17:00.000000', '2025-11-13 21:01:16.673513', 33, 'NOP4Q32', 31, 2021, 2022, 'Amarelo', '9CDEFGH5678901234', '99001122335', '10.000', 'Gasolina', 'Acessórios off-road', 1, 1),
(32, '2025-11-13 12:17:00.000000', '2025-11-13 21:01:16.673513', 34, 'RST3U21', 32, 2023, 2023, 'Azul', '9DDEFGH6789012345', '00112233446', '10.000', 'Elétrico', 'Carro novo', 1, 1),
(33, '2025-11-13 12:17:00.000000', '2025-11-13 21:01:16.673513', 35, 'VWX2Y10', 33, 2023, 2023, 'Branco', '9EDEFGH7890123456', '11223344558', '10.000', 'Híbrido', 'Lançamento', 1, 1),
(34, '2025-11-13 12:17:00.000000', '2025-11-13 21:01:16.673513', 36, 'ZAB1C09', 34, 2022, 2022, 'Preto', '9FDEFGH8901234567', '22334455669', '10.000', 'Elétrico', 'Autopilot', 1, 1),
(35, '2025-11-13 12:17:00.000000', '2025-11-13 21:01:16.673513', 37, 'CDE0F98', 35, 2020, 2020, 'Branco', '9GDEFGH9012345678', '33445566780', '10.000', 'Diesel', 'Veículo utilitário', 0, 1);

--
-- Despejando dados para a tabela `cad_veiculos_marcas`
--

INSERT INTO `cad_veiculos_marcas` (`Id`, `Created_At`, `Updated_At`, `Nome`, `Pais`) VALUES
(1, '2025-10-14 00:15:26.000000', NULL, 'Toyota', 'Japão'),
(2, '2025-10-14 00:15:26.000000', NULL, 'Chevrolet', 'Estados Unidos'),
(3, '2025-10-14 00:15:26.000000', NULL, 'Volkswagen', 'Alemanha'),
(4, '2025-10-14 00:15:26.000000', NULL, 'Fiat', 'Itália'),
(5, '2025-10-14 00:15:26.000000', NULL, 'Ford', 'Estados Unidos'),
(6, '2025-11-13 12:15:00.000000', NULL, 'Honda', 'Japão'),
(7, '2025-11-13 12:15:00.000000', NULL, 'Hyundai', 'Coreia do Sul'),
(8, '2025-11-13 12:15:00.000000', NULL, 'Nissan', 'Japão'),
(9, '2025-11-13 12:15:00.000000', NULL, 'Renault', 'França'),
(10, '2025-11-13 12:15:00.000000', NULL, 'Peugeot', 'França'),
(11, '2025-11-13 12:15:00.000000', NULL, 'Citroën', 'França'),
(12, '2025-11-13 12:15:00.000000', NULL, 'Mercedes-Benz', 'Alemanha'),
(13, '2025-11-13 12:15:00.000000', NULL, 'BMW', 'Alemanha'),
(14, '2025-11-13 12:15:00.000000', NULL, 'Audi', 'Alemanha'),
(15, '2025-11-13 12:15:00.000000', NULL, 'Kia', 'Coreia do Sul'),
(16, '2025-11-13 12:15:00.000000', NULL, 'Jeep', 'Estados Unidos'),
(17, '2025-11-13 12:15:00.000000', NULL, 'Land Rover', 'Reino Unido'),
(18, '2025-11-13 12:15:00.000000', NULL, 'Volvo', 'Suécia'),
(19, '2025-11-13 12:15:00.000000', NULL, 'Mitsubishi', 'Japão'),
(20, '2025-11-13 12:15:00.000000', NULL, 'Subaru', 'Japão'),
(21, '2025-11-13 12:15:00.000000', NULL, 'Mazda', 'Japão'),
(22, '2025-11-13 12:15:00.000000', NULL, 'Lexus', 'Japão'),
(23, '2025-11-13 12:15:00.000000', NULL, 'Porsche', 'Alemanha'),
(24, '2025-11-13 12:15:00.000000', NULL, 'Jaguar', 'Reino Unido'),
(25, '2025-11-13 12:15:00.000000', NULL, 'Mini', 'Reino Unido'),
(26, '2025-11-13 12:15:00.000000', NULL, 'Chery', 'China'),
(27, '2025-11-13 12:15:00.000000', NULL, 'JAC Motors', 'China'),
(28, '2025-11-13 12:15:00.000000', NULL, 'RAM', 'Estados Unidos'),
(29, '2025-11-13 12:15:00.000000', NULL, 'Dodge', 'Estados Unidos'),
(30, '2025-11-13 12:15:00.000000', NULL, 'Chrysler', 'Estados Unidos'),
(31, '2025-11-13 12:15:00.000000', NULL, 'Suzuki', 'Japão'),
(32, '2025-11-13 12:15:00.000000', NULL, 'BYD', 'China'),
(33, '2025-11-13 12:15:00.000000', NULL, 'GWM', 'China'),
(34, '2025-11-13 12:15:00.000000', NULL, 'Tesla', 'Estados Unidos'),
(35, '2025-11-13 12:15:00.000000', NULL, 'Iveco', 'Itália');

--
-- Despejando dados para a tabela `cad_veiculos_modelos`
--

INSERT INTO `cad_veiculos_modelos` (`Id`, `Created_At`, `Updated_At`, `Marca_Id`, `Nome`, `Ano_Inicio`, `Ano_Fim`) VALUES
(1, '2025-10-14 00:15:26.000000', NULL, 1, 'Corolla XEi', 2019, NULL),
(2, '2025-10-14 00:15:26.000000', NULL, 2, 'Onix LTZ', 2018, NULL),
(3, '2025-10-14 00:15:26.000000', NULL, 3, 'T-Cross Highline', 2020, NULL),
(4, '2025-10-14 00:15:26.000000', NULL, 4, 'Cronos Precision', 2019, NULL),
(5, '2025-10-14 00:15:26.000000', NULL, 5, 'Ranger XLS', 2017, NULL),
(6, '2025-11-13 12:16:00.000000', NULL, 6, 'Civic Touring', 2020, NULL),
(7, '2025-11-13 12:16:00.000000', NULL, 7, 'HB20 Diamond', 2021, NULL),
(8, '2025-11-13 12:16:00.000000', NULL, 8, 'Kicks Exclusive', 2022, NULL),
(9, '2025-11-13 12:16:00.000000', NULL, 9, 'Kwid Intense', 2019, NULL),
(10, '2025-11-13 12:16:00.000000', NULL, 10, '208 Griffe', 2021, NULL),
(11, '2025-11-13 12:16:00.000000', NULL, 11, 'C4 Cactus Shine', 2020, NULL),
(12, '2025-11-13 12:16:00.000000', NULL, 12, 'C-180 Avantgarde', 2019, NULL),
(13, '2025-11-13 12:16:00.000000', NULL, 13, '320i GP', 2022, NULL),
(14, '2025-11-13 12:16:00.000000', NULL, 14, 'A3 Sedan S Line', 2021, NULL),
(15, '2025-11-13 12:16:00.000000', NULL, 15, 'Sportage EX', 2018, NULL),
(16, '2025-11-13 12:16:00.000000', NULL, 16, 'Compass Longitude', 2021, NULL),
(17, '2025-11-13 12:16:00.000000', NULL, 17, 'Discovery Sport SE', 2019, NULL),
(18, '2025-11-13 12:16:00.000000', NULL, 18, 'XC60 Momentum', 2020, NULL),
(19, '2025-11-13 12:16:00.000000', NULL, 19, 'L200 Triton Sport', 2022, NULL),
(20, '2025-11-13 12:16:00.000000', NULL, 20, 'Forester S', 2018, NULL),
(21, '2025-11-13 12:16:00.000000', NULL, 21, 'CX-5 Touring', 2019, NULL),
(22, '2025-11-13 12:16:00.000000', NULL, 22, 'UX 250h Dynamic', 2021, NULL),
(23, '2025-11-13 12:16:00.000000', NULL, 23, 'Cayenne S', 2020, NULL),
(24, '2025-11-13 12:16:00.000000', NULL, 24, 'F-Pace R-Sport', 2019, NULL),
(25, '2025-11-13 12:16:00.000000', NULL, 25, 'Cooper S', 2022, NULL),
(26, '2025-11-13 12:16:00.000000', NULL, 26, 'Tiggo 8 TXS', 2021, NULL),
(27, '2025-11-13 12:16:00.000000', NULL, 27, 'T40 Plus', 2020, NULL),
(28, '2025-11-13 12:16:00.000000', NULL, 28, '1500 Rebel', 2022, NULL),
(29, '2025-11-13 12:16:00.000000', NULL, 29, 'Challenger GT', 2018, NULL),
(30, '2025-11-13 12:16:00.000000', NULL, 30, '300C', 2017, NULL),
(31, '2025-11-13 12:16:00.000000', NULL, 31, 'Jimny Sierra', 2021, NULL),
(32, '2025-11-13 12:16:00.000000', NULL, 32, 'Dolphin', 2023, NULL),
(33, '2025-11-13 12:16:00.000000', NULL, 33, 'Haval H6', 2023, NULL),
(34, '2025-11-13 12:16:00.000000', NULL, 34, 'Model 3', 2022, NULL),
(35, '2025-11-13 12:16:00.000000', NULL, 35, 'Daily 35-150', 2020, NULL);
