--
-- Despejando dados para a tabela `cad_mecanicos_especialidades`
--

INSERT INTO `cad_mecanicos_especialidades` (`Id`, `Created_At`, `Updated_At`, `Codigo`, `Nome`, `Descricao`, `Ativo`) VALUES
(1, '2025-10-14 02:17:24.306042', NULL, 'MOTOR', 'Especialista em Motor', 'Manutencao pesada de motores combustion', 1),
(2, '2025-10-14 02:17:24.306042', NULL, 'ELETR', 'Eletrica Automotiva', 'Diagnostico e reparo de sistemas eletricos e eletronicos', 1),
(3, '2025-10-14 02:17:24.306042', NULL, 'SUSPE', 'Suspensao e Freios', 'Ajustes de suspensao, amortecedores e freios', 1),
(4, '2025-10-14 02:17:24.306042', NULL, 'TRANS', 'Transmissao', 'Manutencao de caixas de cambio e transmissao automatica', 1),
(5, '2025-11-13 14:00:00.000000', NULL, 'DIAG', 'Diagnostico Avancado', 'Uso de scanners e ferramentas de diagnostico complexo', 1),
(6, '2025-11-13 14:00:00.000000', NULL, 'INJEC', 'Injecao Eletronica', 'Especialista em sistemas de injecao direta e indireta', 1),
(7, '2025-11-13 14:00:00.000000', NULL, 'ARCON', 'Ar Condicionado', 'Manutencao e reparo de sistemas de climatizacao', 1),
(8, '2025-11-13 14:00:00.000000', NULL, 'FUNIL', 'Funilaria', 'Reparo de lataria e estrutura de veiculos', 1),
(9, '2025-11-13 14:00:00.000000', NULL, 'PINT', 'Pintura Automotiva', 'Preparacao e aplicacao de pintura', 1),
(10, '2025-11-13 14:00:00.000000', NULL, 'ALINH', 'Alinhamento e Balanceamento', 'Servicos de geometria veicular', 1),
(11, '2025-11-13 14:00:00.000000', NULL, 'ADAS', 'Sistemas ADAS', 'Calibracao de sistemas avancados de assistencia ao motorista', 1),
(12, '2025-11-13 14:00:00.000000', NULL, 'HIBRID', 'Veiculos Hibridos/Eletricos', 'Manutencao de sistemas de alta tensao', 1),
(13, '2025-11-13 14:00:00.000000', NULL, 'DIESEL', 'Motores Diesel', 'Manutencao de motores diesel leve e pesado', 1),
(14, '2025-11-13 14:00:00.000000', NULL, 'GNV', 'Gas Natural Veicular', 'Instalacao e manutencao de GNV', 1),
(15, '2025-11-13 14:00:00.000000', NULL, 'VIDROS', 'Vidros e Travas', 'Reparo de maquinas de vidro e travas eletricas', 1),
(16, '2025-11-13 14:00:00.000000', NULL, 'LUBRI', 'Lubrificacao e Filtros', 'Troca de oleo e filtros gerais', 1),
(17, '2025-11-13 14:00:00.000000', NULL, 'SOM', 'Som e Acessorios', 'Instalacao de multimidia e acessorios', 1),
(18, '2025-11-13 14:00:00.000000', NULL, 'TUNING', 'Performance e Tuning', 'Modificacoes para aumento de performance', 1),
(19, '2025-11-13 14:00:00.000000', NULL, 'RESTA', 'Restauracao Classicos', 'Restauracao de veiculos antigos', 1),
(20, '2025-11-13 14:00:00.000000', NULL, 'DIREH', 'Direcao Hidraulica', 'Reparo de sistemas de direcao hidraulica e eletrica', 1),
(21, '2025-11-13 14:00:00.000000', NULL, 'ESCAP', 'Escapamentos', 'Troca e reparo de sistema de exaustao', 1),
(22, '2025-11-13 14:00:00.000000', NULL, 'MARTEL', 'Martelinho de Ouro', 'Reparo de amassados sem pintura', 1),
(23, '2025-11-13 14:00:00.000000', NULL, 'POLIM', 'Polimento e Estetica', 'Servicos de estetica automotiva', 1),
(24, '2025-11-13 14:00:00.000000', NULL, 'BAT', 'Baterias e Alternadores', 'Manutencao de sistema de carga', 1),
(25, '2025-11-13 14:00:00.000000', NULL, 'AIRBAG', 'Airbags', 'Reparo e diagnostico de sistemas de airbag', 1),
(26, '2025-11-13 14:00:00.000000', NULL, 'MODECU', 'Modulos ECU', 'Reparo e programacao de modulos de controle', 1),
(27, '2025-11-13 14:00:00.000000', NULL, 'CHAVE', 'Chaveiro Codificado', 'Codificacao de chaves e telecomandos', 1),
(28, '2025-11-13 14:00:00.000000', NULL, 'PNEUS', 'Pneus e Rodas', 'Troca e reparo de pneus', 1),
(29, '2025-11-13 14:00:00.000000', NULL, '4X4', 'Tracao 4x4', 'Manutencao de sistemas de tracao integral', 1),
(30, '2025-11-13 14:00:00.000000', NULL, 'MOTO', 'Motocicletas', 'Manutencao geral de motos', 1),
(31, '2025-11-13 14:00:00.000000', NULL, 'NAUT', 'Motor Nautico', 'Manutencao de motores de popa e centro', 1),
(32, '2025-11-13 14:00:00.000000', NULL, 'PESAD', 'Maquinas Pesadas', 'Manutencao de tratores e escavadeiras', 1),
(33, '2025-11-13 14:00:00.000000', NULL, 'CAMBIO', 'Cambio Automatico', 'Especialista em cambio automatico e CVT', 1),
(34, '2025-11-13 14:00:00.000000', NULL, 'RETMOT', 'Retifica de Motor', 'Servicos de retifica de cabecote e bloco', 1);

--
-- Despejando dados para a tabela `cad_mecanicos_especialidades_rel`
--



INSERT INTO `cad_mecanicos` (`Id`, `Created_At`, `Updated_At`, `Codigo`, `Nome`, `Sobrenome`, `Nome_Social`, `Documento_Principal`, `Tipo_Documento`, `Data_Nascimento`, `Data_Admissao`, `Data_Demissao`, `Status`, `Especialidade_Principal_Id`, `Nivel`, `Valor_Hora`, `Carga_Horaria_Semanal`, `Observacoes`) VALUES
(1, '2025-10-14 02:17:24.322444', NULL, 'MEC0001', 'Carlos', 'Silva', NULL, '12345678900', 1, '1985-02-10', '2020-01-15', NULL, 'Ativo', 1, 'Senior', 110.00, 44, 'Responsavel pela bancada de motores e diagnosticos complexos.'),
(2, '2025-10-14 02:17:24.322444', NULL, 'MEC0002', 'Fernanda', 'Costa', NULL, '98765432100', 1, '1990-08-22', '2021-05-10', NULL, 'Ativo', 2, 'Pleno', 95.00, 40, 'Foco em diagnostico eletrico e instalacao de acessorios.'),
(3, '2025-10-14 02:17:24.322444', NULL, 'MEC0003', 'Joao', 'Pereira', NULL, '44556677889', 1, '1988-11-12', '2019-03-01', NULL, 'Ativo', 3, 'Senior', 105.00, 44, 'Especialista em suspensao, freios e alinhamento.'),
(4, '2025-11-13 14:01:00.000000', NULL, 'MEC0004', 'Andre', 'Melo', NULL, '11122233344', 1, '1992-05-15', '2022-01-10', NULL, 'Ativo', 5, 'Pleno', 100.00, 44, 'Especialista em diagnostico com scanner.'),
(5, '2025-11-13 14:01:00.000000', NULL, 'MEC0005', 'Bruna', 'Soares', 'Bruno', '22233344455', 1, '1995-01-20', '2022-03-01', NULL, 'Ativo', 6, 'Junior', 80.00, 40, 'Focada em injecao eletronica.'),
(6, '2025-11-13 14:01:00.000000', NULL, 'MEC0006', 'Caio', 'Dias', NULL, '33344455566', 1, '1980-07-30', '2018-06-15', NULL, 'Ativo', 7, 'Senior', 115.00, 44, 'Certificado em sistemas de A/C.'),
(7, '2025-11-13 14:01:00.000000', NULL, 'MEC0007', 'Daniela', 'Faria', NULL, '44455566677', 1, '1987-09-05', '2020-02-20', NULL, 'Ativo', 8, 'Pleno', 90.00, 44, 'Especialista em funilaria pesada.'),
(8, '2025-11-13 14:01:00.000000', NULL, 'MEC0008', 'Eduardo', 'Lima', NULL, '55566677788', 1, '1990-12-11', '2021-08-01', NULL, 'Ativo', 9, 'Pleno', 95.00, 40, 'Pintor com foco em colorimetria.'),
(9, '2025-11-13 14:01:00.000000', NULL, 'MEC0009', 'Fabiana', 'Guedes', NULL, '66677788899', 1, '1993-03-25', '2022-05-12', NULL, 'Ativo', 10, 'Junior', 75.00, 44, 'Operadora de maquina de alinhamento 3D.'),
(10, '2025-11-13 14:01:00.000000', NULL, 'MEC0010', 'Gustavo', 'Henrique', NULL, '77788899900', 1, '1986-06-18', '2019-11-01', NULL, 'Ativo', 11, 'Senior', 120.00, 44, 'Especialista em calibracao ADAS.'),
(11, '2025-11-13 14:01:00.000000', NULL, 'MEC0011', 'Helena', 'Morais', NULL, '88899900011', 1, '1991-10-02', '2023-01-05', NULL, 'Ativo', 12, 'Pleno', 110.00, 40, 'Foco em hibridos e eletricos.'),
(12, '2025-11-13 14:01:00.000000', NULL, 'MEC0012', 'Igor', 'Nogueira', NULL, '99900011122', 1, '1983-04-14', '2017-01-20', NULL, 'Ativo', 13, 'Senior', 125.00, 44, 'Vasta experiencia em motores Diesel.'),
(13, '2025-11-13 14:01:00.000000', NULL, 'MEC0013', 'Julia', 'Pires', NULL, '00011122233', 1, '1998-02-08', '2023-07-10', NULL, 'Ativo', 14, 'Junior', 80.00, 40, 'Instaladora de GNV certificada.'),
(14, '2025-11-13 14:01:00.000000', NULL, 'MEC0014', 'Kleber', 'Ramos', NULL, '11122233355', 1, '1990-08-17', '2021-04-15', NULL, 'Ativo', 15, 'Pleno', 90.00, 44, 'Reparos em vidros e travas.'),
(15, '2025-11-13 14:01:00.000000', NULL, 'MEC0015', 'Larissa', 'Sampaio', NULL, '22233344466', 1, '1996-11-29', '2022-10-01', NULL, 'Ativo', 16, 'Junior', 70.00, 44, 'Agil na troca de oleo e filtros.'),
(16, '2025-11-13 14:01:00.000000', NULL, 'MEC0016', 'Marcos', 'Teixeira', NULL, '33344455577', 1, '1989-01-03', '2020-09-01', NULL, 'Ativo', 17, 'Pleno', 95.00, 40, 'Especialista em instalacao de som.'),
(17, '2025-11-13 14:01:00.000000', NULL, 'MEC0017', 'Natalia', 'Uchoa', NULL, '44455566688', 1, '1994-07-21', '2022-02-11', NULL, 'Ativo', 18, 'Pleno', 100.00, 44, 'Foco em performance e remapeamento.'),
(18, '2025-11-13 14:01:00.000000', NULL, 'MEC0018', 'Otavio', 'Viana', NULL, '55566677799', 1, '1975-05-13', '2015-03-10', NULL, 'Ativo', 19, 'Senior', 130.00, 44, 'Mestre em restauracao de classicos.'),
(19, '2025-11-13 14:01:00.000000', NULL, 'MEC0019', 'Paula', 'Xavier', NULL, '66677788800', 1, '1988-10-30', '2019-07-20', NULL, 'Ativo', 20, 'Pleno', 105.00, 40, 'Experiencia em direcao hidraulica.'),
(20, '2025-11-13 14:01:00.000000', NULL, 'MEC0020', 'Quintino', 'Zabe', NULL, '77788899911', 1, '1992-04-01', '2021-11-15', NULL, 'Ativo', 21, 'Pleno', 90.00, 44, 'Soldador de escapamentos.'),
(21, '2025-11-13 14:01:00.000000', NULL, 'MEC0021', 'Rafaela', 'Bastos', NULL, '88899900022', 1, '1997-09-19', '2023-03-01', NULL, 'Ativo', 22, 'Junior', 85.00, 44, 'Treinada em martelinho de ouro.'),
(22, '2025-11-13 14:01:00.000000', NULL, 'MEC0022', 'Sergio', 'Campos', NULL, '99900011133', 1, '1985-12-07', '2018-10-01', NULL, 'Ativo', 23, 'Pleno', 95.00, 40, 'Especialista em polimento tecnico.'),
(23, '2025-11-13 14:01:00.000000', NULL, 'MEC0023', 'Tais', 'Dourado', NULL, '00011122244', 1, '1990-03-16', '2020-05-05', NULL, 'Ativo', 24, 'Pleno', 100.00, 44, 'Diagnostico de alternadores.'),
(24, '2025-11-13 14:01:00.000000', NULL, 'MEC0024', 'Ulisses', 'Esteves', NULL, '11122233366', 1, '1982-08-28', '2017-08-10', NULL, 'Ativo', 25, 'Senior', 115.00, 44, 'Reparo de sistemas de airbag.'),
(25, '2025-11-13 14:01:00.000000', NULL, 'MEC0025', 'Valeria', 'Freitas', NULL, '22233344477', 1, '1993-11-14', '2022-06-20', NULL, 'Ativo', 26, 'Pleno', 110.00, 40, 'Programadora de modulos ECU.'),
(26, '2025-11-13 14:01:00.000000', NULL, 'MEC0026', 'Wagner', 'Gontijo', NULL, '33344455588', 1, '1987-02-23', '2019-01-15', NULL, 'Ativo', 27, 'Pleno', 100.00, 44, 'Codificacao de chaves.'),
(27, '2025-11-13 14:01:00.000000', NULL, 'MEC0027', 'Xenia', 'Horta', NULL, '44455566699', 1, '1995-06-09', '2023-02-01', NULL, 'Ativo', 28, 'Junior', 75.00, 44, 'Borracheira.'),
(28, '2025-11-13 14:01:00.000000', NULL, 'MEC0028', 'Yara', 'Ibanez', NULL, '55566677700', 1, '1991-09-27', '2021-03-10', NULL, 'Ativo', 29, 'Pleno', 105.00, 40, 'Especialista em sistemas 4x4.'),
(29, '2025-11-13 14:01:00.000000', NULL, 'MEC0029', 'Zaqueu', 'Jales', NULL, '66677788811', 1, '1984-12-15', '2018-12-01', NULL, 'Ativo', 30, 'Pleno', 100.00, 44, 'Mecanico de motocicletas.'),
(30, '2025-11-13 14:01:00.000000', NULL, 'MEC0030', 'Aline', 'Barros', NULL, '77788899922', 1, '1989-05-04', '2020-07-01', NULL, 'Ativo', 31, 'Pleno', 110.00, 44, 'Especialista em motores nauticos.'),
(31, '2025-11-13 14:01:00.000000', NULL, 'MEC0031', 'Bernardo', 'Costa', NULL, '88899900033', 1, '1981-11-18', '2016-09-01', NULL, 'Ativo', 32, 'Senior', 130.00, 44, 'Operador de maquinas pesadas.'),
(32, '2025-11-13 14:01:00.000000', NULL, 'MEC0032', 'Clara', 'Dantas', NULL, '99900011144', 1, '1994-01-26', '2022-09-10', NULL, 'Ativo', 33, 'Pleno', 115.00, 40, 'Foco em cambio automatico.'),
(33, '2025-11-13 14:01:00.000000', NULL, 'MEC0033', 'Davi', 'Eiras', NULL, '00011122255', 1, '1986-07-07', '2019-05-15', NULL, 'Ativo', 34, 'Senior', 120.00, 44, 'Especialista em retifica de motor.');

--
-- Despejando dados para a tabela `cad_mecanicos_certificacoes`
--

INSERT INTO `cad_mecanicos_certificacoes` (`Id`, `Created_At`, `Updated_At`, `Mecanico_Id`, `Especialidade_Id`, `Titulo`, `Instituicao`, `Data_Conclusao`, `Data_Validade`, `Codigo_Certificacao`) VALUES
(1, '2025-10-14 02:17:24.382057', NULL, 2, 2, 'Certificacao Avancada em Diagnostico Eletrico', 'Bosch', '2022-07-15', '2025-07-14', 'BOSCH-EL-2022'),
(2, '2025-11-13 14:05:00.000000', NULL, 1, 4, 'Transmissao Automatica Nivel 1', 'SENAI', '2021-02-10', '2024-02-09', 'SENAI-TR-2021'),
(3, '2025-11-13 14:05:00.000000', NULL, 3, 3, 'Freios ABS/ESP', 'MTE-THOMSON', '2022-11-05', '2025-11-04', 'MTE-FR-2022'),
(4, '2025-11-13 14:05:00.000000', NULL, 4, 5, 'Diagnostico com Osciloscopio', 'Bosch', '2023-01-20', '2026-01-19', 'BOSCH-DIAG-2023'),
(5, '2025-11-13 14:05:00.000000', NULL, 5, 6, 'Injecao Direta GDI', 'SENAI', '2023-04-15', '2026-04-14', 'SENAI-GDI-2023'),
(6, '2025-11-13 14:05:00.000000', NULL, 6, 7, 'Climatizacao Automotiva Avancada', 'DENSO', '2021-07-10', '2024-07-09', 'DENSO-AC-2021'),
(7, '2025-11-13 14:05:00.000000', NULL, 7, 8, 'Reparo Estrutural', 'Cesvi Brasil', '2022-09-01', '2025-08-31', 'CESVI-FUN-2022'),
(8, '2025-11-13 14:05:00.000000', NULL, 8, 9, 'Colorimetria Digital', 'PPG', '2022-05-25', '2025-05-24', 'PPG-COL-2022'),
(9, '2025-11-13 14:05:00.000000', NULL, 10, 11, 'Calibracao de Radar e Camera ADAS', 'Bosch', '2023-06-12', '2026-06-11', 'BOSCH-ADAS-2023'),
(10, '2025-11-13 14:05:00.000000', NULL, 11, 12, 'Seguranca em Veiculos Hibridos', 'SENAI', '2023-02-28', '2026-02-27', 'SENAI-HIBRID-2023'),
(11, '2025-11-13 14:05:00.000000', NULL, 12, 13, 'Motores Diesel Common Rail', 'Cummins', '2020-10-10', '2024-10-09', 'CUMMINS-CR-2020'),
(12, '2025-11-13 14:05:00.000000', NULL, 13, 14, 'Instalador GNV 5 Geracao', 'INMETRO', '2023-08-01', '2026-07-31', 'INMETRO-GNV-2023'),
(13, '2025-11-13 14:05:00.000000', NULL, 16, 17, 'Instalador de Som High-End', 'Pioneer', '2021-12-05', '2024-12-04', 'PIO-SOM-2021'),
(14, '2025-11-13 14:05:00.000000', NULL, 17, 18, 'Remapeamento de ECU', 'Alientech', '2022-10-20', '2025-10-19', 'ALIEN-REMAP-2022'),
(15, '2025-11-13 14:05:00.000000', NULL, 18, 19, 'Restauracao e Fabricacao', 'Instituto Auto Antigo', '2019-01-15', '2029-01-14', 'IAA-REST-2019'),
(16, '2025-11-13 14:05:00.000000', NULL, 19, 20, 'Sistemas de Direcao Eletrica', 'SENAI', '2022-04-10', '2025-04-09', 'SENAI-EPS-2022'),
(17, '2025-11-13 14:05:00.000000', NULL, 21, 22, 'Tecnicas de Martelinho', 'FastPDR', '2023-05-01', '2026-04-30', 'PDR-MARTEL-2023'),
(18, '2025-11-13 14:05:00.000000', NULL, 22, 23, 'Polimento e Vitrificacao', 'Meguiars', '2021-09-18', '2024-09-17', 'MEG-POLI-2021'),
(19, '2025-11-13 14:05:00.000000', NULL, 23, 24, 'Sistemas Start-Stop', 'Moura', '2022-03-14', '2025-03-13', 'MOURA-SS-2022'),
(20, '2025-11-13 14:05:00.000000', NULL, 24, 25, 'Diagnostico de Rede CAN', 'SENAI', '2021-06-20', '2024-06-19', 'SENAI-CAN-2021'),
(21, '2025-11-13 14:05:00.000000', NULL, 25, 26, 'Reparo de ECU Nivel Avancado', 'AutoEletronica', '2023-01-30', '2026-01-29', 'AE-ECU-2023'),
(22, '2025-11-13 14:05:00.000000', NULL, 26, 27, 'Imobilizadores', 'Chiptronic', '2022-08-11', '2025-08-10', 'CHIP-IMO-2022'),
(23, '2025-11-13 14:05:00.000000', NULL, 28, 29, 'Sistemas 4x4 e Diferenciais', 'ZF', '2022-02-15', '2025-02-14', 'ZF-4X4-2022'),
(24, '2025-11-13 14:05:00.000000', NULL, 29, 30, 'Mecanica de Alta Cilindrada', 'Honda', '2021-11-20', '2024-11-19', 'HONDA-MOTO-2021'),
(25, '2025-11-13 14:05:00.000000', NULL, 30, 31, 'Motores de Popa Yamaha', 'Yamaha Nautica', '2022-01-10', '2025-01-09', 'YAMAHA-NAUT-2022'),
(26, '2025-11-13 14:05:00.000000', NULL, 31, 32, 'Hidraulica de Maquinas', 'Caterpillar', '2019-09-05', '2024-09-04', 'CAT-HID-2019'),
(27, '2025-11-13 14:05:00.000000', NULL, 32, 33, 'Cambio DSG e Powershift', 'SENAI', '2023-03-20', '2026-03-19', 'SENAI-DSG-2023'),
(28, '2025-11-13 14:05:00.000000', NULL, 33, 34, 'Metrologia de Retifica', 'MWM', '2020-02-01', '2025-01-31', 'MWM-RET-2020'),
(29, '2025-11-13 14:05:00.000000', NULL, 4, 2, 'Eletrica Basica Automotiva', 'SENAI', '2022-03-01', '2025-02-28', 'SENAI-EL-2022'),
(30, '2025-11-13 14:05:00.000000', NULL, 1, 1, 'Injecao Eletronica Avancada', 'Bosch', '2022-05-10', '2025-05-09', 'BOSCH-INJ-2022'),
(31, '2025-11-13 14:05:00.000000', NULL, 12, 1, 'Reparo de Motor Diesel Pesado', 'Scania', '2021-08-15', '2024-08-14', 'SCANIA-MOT-2021');

--
-- Despejando dados para a tabela `cad_mecanicos_contatos`
--

INSERT INTO `cad_mecanicos_contatos` (`Id`, `Created_At`, `Updated_At`, `Mecanico_Id`, `Tipo`, `Valor`, `Principal`, `Observacao`) VALUES
(1, '2025-10-14 02:17:24.351517', NULL, 1, 'Celular', '(11) 98888-0001', 1, 'Disponivel via WhatsApp'),
(2, '2025-10-14 02:17:24.351517', NULL, 2, 'Email', 'fernanda.costa@oficina.com', 1, NULL),
(3, '2025-11-13 14:03:00.000000', NULL, 3, 'Email', 'joao.pereira@oficina.com', 1, NULL),
(4, '2025-11-13 14:03:00.000000', NULL, 4, 'Email', 'andre.melo@oficina.com', 1, NULL),
(5, '2025-11-13 14:03:00.000000', NULL, 5, 'Celular', '(21) 98888-0002', 1, 'WhatsApp'),
(6, '2025-11-13 14:03:00.000000', NULL, 6, 'Email', 'caio.dias@oficina.com', 1, NULL),
(7, '2025-11-13 14:03:00.000000', NULL, 7, 'Celular', '(31) 98888-0003', 1, NULL),
(8, '2025-11-13 14:03:00.000000', NULL, 8, 'Email', 'eduardo.lima@oficina.com', 1, NULL),
(9, '2025-11-13 14:03:00.000000', NULL, 9, 'Email', 'fabiana.guedes@oficina.com', 1, NULL),
(10, '2025-11-13 14:03:00.000000', NULL, 10, 'Celular', '(41) 98888-0004', 1, 'WhatsApp'),
(11, '2025-11-13 14:03:00.000000', NULL, 11, 'Email', 'helena.morais@oficina.com', 1, NULL),
(12, '2025-11-13 14:03:00.000000', NULL, 12, 'Email', 'igor.nogueira@oficina.com', 1, NULL),
(13, '2025-11-13 14:03:00.000000', NULL, 13, 'Celular', '(51) 98888-0005', 1, NULL),
(14, '2025-11-13 14:03:00.000000', NULL, 14, 'Email', 'kleber.ramos@oficina.com', 1, NULL),
(15, '2025-11-13 14:03:00.000000', NULL, 15, 'Email', 'larissa.sampaio@oficina.com', 1, NULL),
(16, '2025-11-13 14:03:00.000000', NULL, 16, 'Celular', '(61) 98888-0006', 1, 'WhatsApp'),
(17, '2025-11-13 14:03:00.000000', NULL, 17, 'Email', 'natalia.uchoa@oficina.com', 1, NULL),
(18, '2025-11-13 14:03:00.000000', NULL, 18, 'Email', 'otavio.viana@oficina.com', 1, NULL),
(19, '2025-11-13 14:03:00.000000', NULL, 19, 'Celular', '(71) 98888-0007', 1, NULL),
(20, '2025-11-13 14:03:00.000000', NULL, 20, 'Email', 'quintino.zabe@oficina.com', 1, NULL),
(21, '2025-11-13 14:03:00.000000', NULL, 21, 'Email', 'rafaela.bastos@oficina.com', 1, NULL),
(22, '2025-11-13 14:03:00.000000', NULL, 22, 'Celular', '(81) 98888-0008', 1, 'WhatsApp'),
(23, '2025-11-13 14:03:00.000000', NULL, 23, 'Email', 'tais.dourado@oficina.com', 1, NULL),
(24, '2025-11-13 14:03:00.000000', NULL, 24, 'Email', 'ulisses.esteves@oficina.com', 1, NULL),
(25, '2025-11-13 14:03:00.000000', NULL, 25, 'Celular', '(91) 98888-0009', 1, NULL),
(26, '2025-11-13 14:03:00.000000', NULL, 26, 'Email', 'wagner.gontijo@oficina.com', 1, NULL),
(27, '2025-11-13 14:03:00.000000', NULL, 27, 'Email', 'xenia.horta@oficina.com', 1, NULL),
(28, '2025-11-13 14:03:00.000000', NULL, 28, 'Celular', '(11) 98888-0010', 1, 'WhatsApp'),
(29, '2025-11-13 14:03:00.000000', NULL, 29, 'Email', 'zaqueu.jales@oficina.com', 1, NULL),
(30, '2025-11-13 14:03:00.000000', NULL, 30, 'Email', 'aline.barros@oficina.com', 1, NULL),
(31, '2025-11-13 14:03:00.000000', NULL, 31, 'Celular', '(21) 98888-0011', 1, NULL),
(32, '2025-11-13 14:03:00.000000', NULL, 32, 'Email', 'clara.dantas@oficina.com', 1, NULL);

--
-- Despejando dados para a tabela `cad_mecanicos_disponibilidades`
--

INSERT INTO `cad_mecanicos_disponibilidades` (`Id`, `Created_At`, `Updated_At`, `Mecanico_Id`, `Dia_Semana`, `Hora_Inicio`, `Hora_Fim`, `Capacidade_Atendimentos`) VALUES
(1, '2025-10-14 02:17:24.396777', NULL, 1, 1, '08:00:00', '17:00:00', 4),
(2, '2025-10-14 02:17:24.396777', NULL, 2, 3, '10:00:00', '19:00:00', 5),
(3, '2025-11-13 14:06:00.000000', NULL, 3, 2, '08:00:00', '17:00:00', 6),
(4, '2025-11-13 14:06:00.000000', NULL, 4, 1, '09:00:00', '18:00:00', 5),
(5, '2025-11-13 14:06:00.000000', NULL, 5, 2, '08:00:00', '17:00:00', 4),
(6, '2025-11-13 14:06:00.000000', NULL, 6, 3, '10:00:00', '19:00:00', 3),
(7, '2025-11-13 14:06:00.000000', NULL, 7, 4, '08:00:00', '17:00:00', 2),
(8, '2025-11-13 14:06:00.000000', NULL, 8, 5, '09:00:00', '18:00:00', 2),
(9, '2025-11-13 14:06:00.000000', NULL, 9, 1, '08:00:00', '12:00:00', 4),
(10, '2025-11-13 14:06:00.000000', NULL, 10, 2, '13:00:00', '18:00:00', 3),
(11, '2025-11-13 14:06:00.000000', NULL, 11, 3, '09:00:00', '18:00:00', 4),
(12, '2025-11-13 14:06:00.000000', NULL, 12, 4, '08:00:00', '17:00:00', 5),
(13, '2025-11-13 14:06:00.000000', NULL, 13, 5, '08:00:00', '17:00:00', 6),
(14, '2025-11-13 14:06:00.000000', NULL, 14, 1, '10:00:00', '19:00:00', 5),
(15, '2025-11-13 14:06:00.000000', NULL, 15, 2, '08:00:00', '18:00:00', 8),
(16, '2025-11-13 14:06:00.000000', NULL, 16, 3, '09:00:00', '18:00:00', 4),
(17, '2025-11-13 14:06:00.000000', NULL, 17, 4, '08:00:00', '17:00:00', 3),
(18, '2025-11-13 14:06:00.000000', NULL, 18, 5, '08:00:00', '18:00:00', 1),
(19, '2025-11-13 14:06:00.000000', NULL, 19, 1, '09:00:00', '18:00:00', 4),
(20, '2025-11-13 14:06:00.000000', NULL, 20, 2, '08:00:00', '17:00:00', 5),
(21, '2025-11-13 14:06:00.000000', NULL, 21, 3, '10:00:00', '19:00:00', 4),
(22, '2025-11-13 14:06:00.000000', NULL, 22, 4, '08:00:00', '17:00:00', 3),
(23, '2025-11-13 14:06:00.000000', NULL, 23, 5, '09:00:00', '18:00:00', 5),
(24, '2025-11-13 14:06:00.000000', NULL, 24, 1, '08:00:00', '12:00:00', 3),
(25, '2025-11-13 14:06:00.000000', NULL, 25, 2, '13:00:00', '18:00:00', 3),
(26, '2025-11-13 14:06:00.000000', NULL, 26, 3, '09:00:00', '18:00:00', 4),
(27, '2025-11-13 14:06:00.000000', NULL, 27, 4, '08:00:00', '17:00:00', 7),
(28, '2025-11-13 14:06:00.000000', NULL, 28, 5, '08:00:00', '17:00:00', 5),
(29, '2025-11-13 14:06:00.000000', NULL, 29, 1, '10:00:00', '19:00:00', 4),
(30, '2025-11-13 14:06:00.000000', NULL, 30, 2, '09:00:00', '18:00:00', 3),
(31, '2025-11-13 14:06:00.000000', NULL, 31, 3, '08:00:00', '17:00:00', 2),
(32, '2025-11-13 14:06:00.000000', NULL, 32, 4, '08:00:00', '18:00:00', 4);

--
-- Despejando dados para a tabela `cad_mecanicos_documentos`
--

INSERT INTO `cad_mecanicos_documentos` (`Id`, `Created_At`, `Updated_At`, `Mecanico_Id`, `Tipo`, `Numero`, `Data_Emissao`, `Data_Validade`, `Orgao_Expedidor`, `Arquivo_Url`) VALUES
(1, '2025-10-14 02:17:24.431349', NULL, 1, 'CRMV', 'CRMV-SP-5566', '2019-01-10', '2024-01-09', 'CRMV-SP', NULL),
(2, '2025-10-14 02:17:24.431349', NULL, 2, 'CREA', 'CREA-SP-7788', '2020-03-05', '2025-03-04', 'CREA-SP', NULL),
(3, '2025-11-13 14:08:00.000000', NULL, 3, 'CREA', 'CREA-SP-9900', '2018-01-15', '2024-01-14', 'CREA-SP', NULL),
(4, '2025-11-13 14:08:00.000000', NULL, 4, 'CNH', '01020304051', '2020-05-10', '2025-05-09', 'DETRAN-SP', NULL),
(5, '2025-11-13 14:08:00.000000', NULL, 5, 'RG', '554433221', '2015-02-20', NULL, 'SSP-RJ', NULL),
(6, '2025-11-13 14:08:00.000000', NULL, 6, 'CNH', '02030405062', '2019-08-11', '2024-08-10', 'DETRAN-MG', NULL),
(7, '2025-11-13 14:08:00.000000', NULL, 7, 'RG', '443322110', '2010-11-30', NULL, 'SSP-BA', NULL),
(8, '2025-11-13 14:08:00.000000', NULL, 8, 'CNH', '03040506073', '2021-01-05', '2026-01-04', 'DETRAN-PE', NULL),
(9, '2025-11-13 14:08:00.000000', NULL, 9, 'RG', '332211009', '2014-07-15', NULL, 'SSP-CE', NULL),
(10, '2025-11-13 14:08:00.000000', NULL, 10, 'CNH', '04050607084', '2022-03-20', '2027-03-19', 'DETRAN-DF', NULL),
(11, '2025-11-13 14:08:00.000000', NULL, 11, 'CREA', 'CREA-PR-1122', '2022-01-10', '2025-01-09', 'CREA-PR', NULL),
(12, '2025-11-13 14:08:00.000000', NULL, 12, 'CNH', '05060708095', '2018-06-12', '2023-06-11', 'DETRAN-RS', NULL),
(13, '2025-11-13 14:08:00.000000', NULL, 13, 'Cert. INMETRO', 'GNV-98765', '2023-08-02', '2025-08-01', 'INMETRO', NULL),
(14, '2025-11-13 14:08:00.000000', NULL, 14, 'RG', '221100998', '2012-04-18', NULL, 'SSP-SP', NULL),
(15, '2025-11-13 14:08:00.000000', NULL, 15, 'CNH', '06070809106', '2021-10-01', '2026-09-30', 'DETRAN-SP', NULL),
(16, '2025-11-13 14:08:00.000000', NULL, 16, 'RG', '110099887', '2011-09-05', NULL, 'SSP-SP', NULL),
(17, '2025-11-13 14:08:00.000000', NULL, 17, 'CNH', '07080910117', '2020-12-15', '2025-12-14', 'DETRAN-SP', NULL),
(18, '2025-11-13 14:08:00.000000', NULL, 18, 'RG', '998877665', '1995-01-20', NULL, 'SSP-SP', NULL),
(19, '2025-11-13 14:08:00.000000', NULL, 19, 'CNH', '08091011128', '2019-02-10', '2024-02-09', 'DETRAN-SP', NULL),
(20, '2025-11-13 14:08:00.000000', NULL, 20, 'RG', '887766554', '2013-03-11', NULL, 'SSP-SP', NULL),
(21, '2025-11-13 14:08:00.000000', NULL, 21, 'CNH', '09101112139', '2022-07-22', '2027-07-21', 'DETRAN-SP', NULL),
(22, '2025-11-13 14:08:00.000000', NULL, 22, 'RG', '776655443', '2008-08-08', NULL, 'SSP-SP', NULL),
(23, '2025-11-13 14:08:00.000000', NULL, 23, 'CNH', '10111213140', '2020-01-30', '2025-01-29', 'DETRAN-SP', NULL),
(24, '2025-11-13 14:08:00.000000', NULL, 24, 'CREA', 'CREA-SP-3344', '2016-05-01', '2024-04-30', 'CREA-SP', NULL),
(25, '2025-11-13 14:08:00.000000', NULL, 25, 'CNH', '11121314151', '2021-09-14', '2026-09-13', 'DETRAN-SP', NULL),
(26, '2025-11-13 14:08:00.000000', NULL, 26, 'RG', '665544332', '2009-10-10', NULL, 'SSP-SP', NULL),
(27, '2025-11-13 14:08:00.000000', NULL, 27, 'CNH', '12131415162', '2022-11-01', '2027-10-31', 'DETRAN-SP', NULL),
(28, '2025-11-13 14:08:00.000000', NULL, 28, 'RG', '554433221', '2012-12-12', NULL, 'SSP-SP', NULL),
(29, '2025-11-13 14:08:00.000000', NULL, 29, 'CNH (A)', '13141516173', '2019-04-05', '2024-04-04', 'DETRAN-SP', NULL),
(30, '2025-11-13 14:08:00.000000', NULL, 30, 'ARRAIS', 'ARR-12345', '2018-03-01', '2028-02-29', 'Marinha do Brasil', NULL),
(31, '2025-11-13 14:08:00.000000', NULL, 31, 'CNH (D)', '14151617184', '2017-07-07', '2022-07-06', 'DETRAN-SP', NULL),
(32, '2025-11-13 14:08:00.000000', NULL, 32, 'CREA', 'CREA-SP-5566', '2021-02-10', '2025-02-09', 'CREA-SP', NULL);

--
-- Despejando dados para a tabela `cad_mecanicos_enderecos`
--

INSERT INTO `cad_mecanicos_enderecos` (`Id`, `Created_At`, `Updated_At`, `Mecanico_Id`, `Tipo`, `Cep`, `Logradouro`, `Numero`, `Bairro`, `Cidade`, `Estado`, `Pais`, `Complemento`, `Principal`) VALUES
(1, '2025-10-14 02:17:24.366380', NULL, 1, 'Residencial', '01001000', 'Rua Alfa', '120', 'Centro', 'Sao Paulo', 'SP', 'Brasil', 'Apto 32', 1),
(2, '2025-11-13 14:04:00.000000', NULL, 2, 'Residencial', '02002000', 'Rua Beta', '45', 'Vila Nova', 'Sao Paulo', 'SP', 'Brasil', NULL, 1),
(3, '2025-11-13 14:04:00.000000', NULL, 3, 'Residencial', '03003000', 'Avenida Gama', '678', 'Centro', 'Sao Paulo', 'SP', 'Brasil', 'Casa 2', 1),
(4, '2025-11-13 14:04:00.000000', NULL, 4, 'Residencial', '04004000', 'Rua Delta', '100', 'Jardins', 'Sao Paulo', 'SP', 'Brasil', NULL, 1),
(5, '2025-11-13 14:04:00.000000', NULL, 5, 'Residencial', '20000100', 'Rua Epsilon', '210', 'Copacabana', 'Rio de Janeiro', 'RJ', 'Brasil', 'Apto 501', 1),
(6, '2025-11-13 14:04:00.000000', NULL, 6, 'Residencial', '30000200', 'Rua Zeta', '320', 'Savassi', 'Belo Horizonte', 'MG', 'Brasil', NULL, 1),
(7, '2025-11-13 14:04:00.000000', NULL, 7, 'Residencial', '40000300', 'Avenida Eta', '430', 'Barra', 'Salvador', 'BA', 'Brasil', 'Bloco A', 1),
(8, '2025-11-13 14:04:00.000000', NULL, 8, 'Residencial', '50000400', 'Rua Teta', '540', 'Boa Viagem', 'Recife', 'PE', 'Brasil', NULL, 1),
(9, '2025-11-13 14:04:00.000000', NULL, 9, 'Residencial', '60000500', 'Rua Iota', '650', 'Meireles', 'Fortaleza', 'CE', 'Brasil', 'Apto 1102', 1),
(10, '2025-11-13 14:04:00.000000', NULL, 10, 'Residencial', '70000600', 'Rua Kappa', '760', 'Asa Sul', 'Brasilia', 'DF', 'Brasil', NULL, 1),
(11, '2025-11-13 14:04:00.000000', NULL, 11, 'Residencial', '80000700', 'Avenida Lambda', '870', 'Batel', 'Curitiba', 'PR', 'Brasil', 'Casa 10', 1),
(12, '2025-11-13 14:04:00.000000', NULL, 12, 'Residencial', '90000800', 'Rua Mi', '980', 'Moinhos de Vento', 'Porto Alegre', 'RS', 'Brasil', NULL, 1),
(13, '2025-11-13 14:04:00.000000', NULL, 13, 'Residencial', '05005000', 'Rua Ni', '111', 'Perdizes', 'Sao Paulo', 'SP', 'Brasil', 'Apto 33', 1),
(14, '2025-11-13 14:04:00.000000', NULL, 14, 'Residencial', '06006000', 'Rua Xi', '222', 'Moema', 'Sao Paulo', 'SP', 'Brasil', NULL, 1),
(15, '2025-11-13 14:04:00.000000', NULL, 15, 'Residencial', '07007000', 'Avenida Omicron', '333', 'Tatuape', 'Sao Paulo', 'SP', 'Brasil', 'Fundos', 1),
(16, '2025-11-13 14:04:00.000000', NULL, 16, 'Residencial', '08008000', 'Rua Pi', '444', 'Mooca', 'Sao Paulo', 'SP', 'Brasil', NULL, 1),
(17, '2025-11-13 14:04:00.000000', NULL, 17, 'Residencial', '09009000', 'Rua Ro', '555', 'Ipiranga', 'Sao Paulo', 'SP', 'Brasil', 'Apto 12', 1),
(18, '2025-11-13 14:04:00.000000', NULL, 18, 'Residencial', '11011000', 'Rua Sigma', '666', 'Santana', 'Sao Paulo', 'SP', 'Brasil', NULL, 1),
(19, '2025-11-13 14:04:00.000000', NULL, 19, 'Residencial', '12012000', 'Avenida Tau', '777', 'Saude', 'Sao Paulo', 'SP', 'Brasil', 'Bloco B Apto 101', 1),
(20, '2025-11-13 14:04:00.000000', NULL, 20, 'Residencial', '13013000', 'Rua Upsilon', '888', 'Liberdade', 'Sao Paulo', 'SP', 'Brasil', NULL, 1),
(21, '2025-11-13 14:04:00.000000', NULL, 21, 'Residencial', '14014000', 'Rua Fi', '999', 'Consolacao', 'Sao Paulo', 'SP', 'Brasil', 'Apto 45', 1),
(22, '2025-11-13 14:04:00.000000', NULL, 22, 'Residencial', '15015000', 'Rua Chi', '1010', 'Bela Vista', 'Sao Paulo', 'SP', 'Brasil', NULL, 1),
(23, '2025-11-13 14:04:00.000000', NULL, 23, 'Residencial', '16016000', 'Avenida Psi', '1212', 'Cambuci', 'Sao Paulo', 'SP', 'Brasil', 'Casa 3', 1),
(24, '2025-11-13 14:04:00.000000', NULL, 24, 'Residencial', '17017000', 'Rua Omega', '1313', 'Aclimacao', 'Sao Paulo', 'SP', 'Brasil', NULL, 1),
(25, '2025-11-13 14:04:00.000000', NULL, 25, 'Residencial', '21021000', 'Rua Alfa 2', '1414', 'Lapa', 'Sao Paulo', 'SP', 'Brasil', 'Apto 222', 1),
(26, '2025-11-13 14:04:00.000000', NULL, 26, 'Residencial', '22022000', 'Rua Beta 2', '1515', 'Pinheiros', 'Sao Paulo', 'SP', 'Brasil', NULL, 1),
(27, '2025-11-13 14:04:00.000000', NULL, 27, 'Residencial', '23023000', 'Avenida Gama 2', '1616', 'Vila Madalena', 'Sao Paulo', 'SP', 'Brasil', 'Apto 50', 1),
(28, '2025-11-13 14:04:00.000000', NULL, 28, 'Residencial', '24024000', 'Rua Delta 2', '1717', 'Itaim Bibi', 'Sao Paulo', 'SP', 'Brasil', NULL, 1),
(29, '2025-11-13 14:04:00.000000', NULL, 29, 'Residencial', '25025000', 'Rua Epsilon 2', '1818', 'Butanta', 'Sao Paulo', 'SP', 'Brasil', 'Casa 1', 1),
(30, '2025-11-13 14:04:00.000000', NULL, 30, 'Residencial', '26026000', 'Rua Zeta 2', '1919', 'Morumbi', 'Sao Paulo', 'SP', 'Brasil', NULL, 1),
(31, '2025-11-13 14:04:00.000000', NULL, 31, 'Residencial', '27027000', 'Avenida Eta 2', '2020', 'Santo Amaro', 'Sao Paulo', 'SP', 'Brasil', 'Apto 91', 1);



INSERT INTO `cad_mecanicos_especialidades_rel` (`Id`, `Created_At`, `Updated_At`, `Mecanico_Id`, `Especialidade_Id`, `Nivel`, `Principal`, `Anotacoes`) VALUES
(1, '2025-10-14 02:17:24.338824', NULL, 1, 1, 'Senior', 1, 'Especialidade principal'),
(2, '2025-10-14 02:17:24.338824', NULL, 2, 2, 'Pleno', 1, 'Especialidade principal'),
(3, '2025-10-14 02:17:24.338824', NULL, 3, 3, 'Senior', 1, 'Especialidade principal'),
(4, '2025-10-14 02:17:24.338824', NULL, 1, 4, 'Pleno', 0, 'Suporte secundario em transmissao'),
(5, '2025-11-13 14:02:00.000000', NULL, 4, 5, 'Pleno', 1, 'Especialidade principal'),
(6, '2025-11-13 14:02:00.000000', NULL, 5, 6, 'Junior', 1, 'Especialidade principal'),
(7, '2025-11-13 14:02:00.000000', NULL, 6, 7, 'Senior', 1, 'Especialidade principal'),
(8, '2025-11-13 14:02:00.000000', NULL, 7, 8, 'Pleno', 1, 'Especialidade principal'),
(9, '2025-11-13 14:02:00.000000', NULL, 8, 9, 'Pleno', 1, 'Especialidade principal'),
(10, '2025-11-13 14:02:00.000000', NULL, 9, 10, 'Junior', 1, 'Especialidade principal'),
(11, '2025-11-13 14:02:00.000000', NULL, 10, 11, 'Senior', 1, 'Especialidade principal'),
(12, '2025-11-13 14:02:00.000000', NULL, 11, 12, 'Pleno', 1, 'Especialidade principal'),
(13, '2025-11-13 14:02:00.000000', NULL, 12, 13, 'Senior', 1, 'Especialidade principal'),
(14, '2025-11-13 14:02:00.000000', NULL, 13, 14, 'Junior', 1, 'Especialidade principal'),
(15, '2025-11-13 14:02:00.000000', NULL, 14, 15, 'Pleno', 1, 'Especialidade principal'),
(16, '2025-11-13 14:02:00.000000', NULL, 15, 16, 'Junior', 1, 'Especialidade principal'),
(17, '2025-11-13 14:02:00.000000', NULL, 16, 17, 'Pleno', 1, 'Especialidade principal'),
(18, '2025-11-13 14:02:00.000000', NULL, 17, 18, 'Pleno', 1, 'Especialidade principal'),
(19, '2025-11-13 14:02:00.000000', NULL, 18, 19, 'Senior', 1, 'Especialidade principal'),
(20, '2025-11-13 14:02:00.000000', NULL, 19, 20, 'Pleno', 1, 'Especialidade principal'),
(21, '2025-11-13 14:02:00.000000', NULL, 20, 21, 'Pleno', 1, 'Especialidade principal'),
(22, '2025-11-13 14:02:00.000000', NULL, 21, 22, 'Junior', 1, 'Especialidade principal'),
(23, '2025-11-13 14:02:00.000000', NULL, 22, 23, 'Pleno', 1, 'Especialidade principal'),
(24, '2025-11-13 14:02:00.000000', NULL, 23, 24, 'Pleno', 1, 'Especialidade principal'),
(25, '2025-11-13 14:02:00.000000', NULL, 24, 25, 'Senior', 1, 'Especialidade principal'),
(26, '2025-11-13 14:02:00.000000', NULL, 25, 26, 'Pleno', 1, 'Especialidade principal'),
(27, '2025-11-13 14:02:00.000000', NULL, 26, 27, 'Pleno', 1, 'Especialidade principal'),
(28, '2025-11-13 14:02:00.000000', NULL, 27, 28, 'Junior', 1, 'Especialidade principal'),
(29, '2025-11-13 14:02:00.000000', NULL, 28, 29, 'Pleno', 1, 'Especialidade principal'),
(30, '2025-11-13 14:02:00.000000', NULL, 29, 30, 'Pleno', 1, 'Especialidade principal'),
(31, '2025-11-13 14:02:00.000000', NULL, 30, 31, 'Pleno', 1, 'Especialidade principal'),
(32, '2025-11-13 14:02:00.000000', NULL, 31, 32, 'Senior', 1, 'Especialidade principal'),
(33, '2025-11-13 14:02:00.000000', NULL, 32, 33, 'Pleno', 1, 'Especialidade principal'),
(34, '2025-11-13 14:02:00.000000', NULL, 33, 34, 'Senior', 1, 'Especialidade principal');

--
-- Despejando dados para a tabela `cad_mecanicos_experiencias`
--

INSERT INTO `cad_mecanicos_experiencias` (`Id`, `Created_At`, `Updated_At`, `Mecanico_Id`, `Empresa`, `Cargo`, `Data_Inicio`, `Data_Fim`, `Resumo_Atividades`) VALUES
(1, '2025-10-14 02:17:24.414609', NULL, 1, 'Auto Center Prime', 'Mecanico Senior', '2015-01-01', '2019-12-15', 'Liderou equipe de manutencao pesada e treinou mecanicos junior.'),
(2, '2025-10-14 02:17:24.414609', NULL, 2, 'Eletrica AutoTech', 'Especialista Eletrica', '2017-03-01', '2021-04-30', 'Responsavel por diagnostico de sistemas eletricos e implementacao de novas ferramentas.'),
(3, '2025-11-13 14:07:00.000000', NULL, 3, 'Freios Master', 'Mecanico Chefe', '2014-01-01', '2019-02-28', 'Coordenador da area de freios e suspensao.'),
(4, '2025-11-13 14:07:00.000000', NULL, 4, 'Diagnostico Facil', 'Mecanico Pleno', '2019-01-15', '2021-12-31', 'Diagnostico de falhas eletronicas.'),
(5, '2025-11-13 14:07:00.000000', NULL, 5, 'Auto Eletrica Fenix', 'Ajudante Eletricista', '2021-01-10', '2022-02-28', 'Auxiliar em injecao eletronica.'),
(6, '2025-11-13 14:07:00.000000', NULL, 6, 'Gelofrio A/C', 'Tecnico de A/C', '2015-05-01', '2018-06-14', 'Manutencao de ar condicionado.'),
(7, '2025-11-13 14:07:00.000000', NULL, 7, 'Funilaria Brilho Novo', 'Funileiro', '2017-03-01', '2020-02-19', 'Reparos de lataria e alinhamento de chassi.'),
(8, '2025-11-13 14:07:00.000000', NULL, 8, 'Pintura Express', 'Pintor', '2018-02-01', '2021-07-31', 'Preparacao e pintura.'),
(9, '2025-11-13 14:07:00.000000', NULL, 9, 'Centro Automotivo Roda Certa', 'Alinhador', '2020-01-10', '2022-05-11', 'Servicos de alinhamento e balanceamento.'),
(10, '2025-11-13 14:07:00.000000', NULL, 10, 'Concessionaria Tesla', 'Tecnico ADAS', '2017-06-01', '2019-10-31', 'Calibracao de sistemas ADAS (experiencia internacional).'),
(11, '2025-11-13 14:07:00.000000', NULL, 11, 'Green Auto', 'Eletricista Hibrido', '2020-01-01', '2022-12-31', 'Manutencao em Toyota Prius e Corolla Hybrid.'),
(12, '2025-11-13 14:07:00.000000', NULL, 12, 'Diesel Ponto', 'Mecanico Diesel', '2010-01-01', '2017-01-19', 'Reparo de motores diesel pesados.'),
(13, '2025-11-13 14:07:00.000000', NULL, 13, 'GNV Total', 'Instalador', '2022-01-01', '2023-07-09', 'Instalacao de kits GNV.'),
(14, '2025-11-13 14:07:00.000000', NULL, 14, 'Auto Vidros JKL', 'Instalador', '2018-05-01', '2021-04-14', 'Troca de vidros e reparo de travas.'),
(15, '2025-11-13 14:07:00.000000', NULL, 15, 'Super Troca Oleo', 'Lubrificador', '2021-01-01', '2022-09-30', 'Troca de oleo e filtros.'),
(16, '2025-11-13 14:07:00.000000', NULL, 16, 'Som Auto Store', 'Instalador', '2017-08-01', '2020-08-31', 'Instalacao de som e acessorios.'),
(17, '2025-11-13 14:07:00.000000', NULL, 17, 'Performance Garage', 'Mecanico Preparador', '2019-01-01', '2022-02-10', 'Preparacao de motores para performance.'),
(18, '2025-11-13 14:07:00.000000', NULL, 18, 'Oficina Classicos', 'Restaurador', '2010-01-01', '2015-03-09', 'Restauracao de mecanica de carros antigos.'),
(19, '2025-11-13 14:07:00.000000', NULL, 19, 'Direcao Certa', 'Tecnico Hidraulico', '2016-01-01', '2019-07-19', 'Reparo de caixas de direcao.'),
(20, '2025-11-13 14:07:00.000000', NULL, 20, 'Escapamentos ZM', 'Soldador', '2018-10-01', '2021-11-14', 'Troca e solda de escapamentos.'),
(21, '2025-11-13 14:07:00.000000', NULL, 21, 'Tira Amassados', 'Aprendiz', '2022-01-01', '2023-02-28', 'Auxiliar de martelinho de ouro.'),
(22, '2025-11-13 14:07:00.000000', NULL, 22, 'Estetica Premium', 'Polidor', '2016-01-01', '2018-09-30', 'Servicos de polimento e estetica.'),
(23, '2025-11-13 14:07:00.000000', NULL, 23, 'Auto Eletrica Luz', 'Eletricista', '2017-01-01', '2020-05-04', 'Reparo de alternadores e motores de partida.'),
(24, '2025-11-13 14:07:00.000000', NULL, 24, 'Airbag Solutions', 'Tecnico Eletronico', '2015-01-01', '2017-08-09', 'Diagnostico de sistemas de airbag.'),
(25, '2025-11-13 14:07:00.000000', NULL, 25, 'Modulo Certo', 'Programador ECU', '2020-01-01', '2022-06-19', 'Reparo de modulos.'),
(26, '2025-11-13 14:07:00.000000', NULL, 26, 'Chaveiro Central', 'Chaveiro', '2016-01-01', '2019-01-14', 'Codificacao de chaves.'),
(27, '2025-11-13 14:07:00.000000', NULL, 27, 'Borracharia ZP', 'Borracheiro', '2021-01-01', '2023-01-31', 'Troca e reparo de pneus.'),
(28, '2025-11-13 14:07:00.000000', NULL, 28, '4x4 Garage', 'Mecanico 4x4', '2018-01-01', '2021-03-09', 'Manutencao de Troller e Jeep.'),
(29, '2025-11-13 14:07:00.000000', NULL, 29, 'Moto Racing', 'Mecanico de Motos', '2015-01-01', '2018-11-30', 'Manutencao geral de motos.'),
(30, '2025-11-13 14:07:00.000000', NULL, 30, 'Nautica Sul', 'Tecnico Nautico', '2017-01-01', '2020-06-30', 'Manutencao de motores de popa.'),
(31, '2025-11-13 14:07:00.000000', NULL, 31, 'Maquinas Terra', 'Mecanico Maquinas', '2012-01-01', '2016-08-31', 'Reparo de tratores.'),
(32, '2025-11-13 14:07:00.000000', NULL, 32, 'Automaticos & Cia', 'Tecnico Cambio AT', '2019-01-01', '2022-09-09', 'Reparo de cambio automatico.'),
(33, '2025-11-13 14:07:00.000000', NULL, 33, 'Retifica Confianca', 'Retificador', '2015-01-01', '2019-05-14', 'Servicos de retifica de motor.');

--
-- Despejando dados para a tabela `cad_veiculos`
--