
SET SQL_MODE = "NO_AUTO_VALUE_ON_ZERO";
START TRANSACTION;
SET time_zone = "+00:00";
SET FOREIGN_KEY_CHECKS=0;

INSERT INTO `est_categorias` (`id`, `nome`, `descricao`, `created_at`, `updated_at`) VALUES
(1, 'Filtros', 'Filtros de óleo, ar e combustível', '2025-11-06 23:55:09.215', NULL),
(2, 'Correias', 'Correias dentadas e auxiliares', '2025-11-06 23:55:09.215', NULL),
(3, 'Freios', 'Pastilhas, discos e lonas', '2025-11-06 23:55:09.215', NULL),
(4, 'Suspensão', 'Amortecedores, buchas e pivôs', '2025-11-06 23:55:09.215', NULL),
(5, 'Elétrica', 'Baterias, lâmpadas e chicotes', '2025-11-06 23:55:09.215', NULL),
(6, 'Injeção', 'Bicos, sensores e bombas de combustível', '2025-11-13 10:10:00.500', NULL),
(7, 'Transmissão', 'Kits de embreagem, homocinéticas e rolamentos', '2025-11-13 10:10:00.500', NULL),
(8, 'Lubrificantes e Fluidos', 'Óleos de motor, câmbio e fluidos diversos', '2025-11-13 10:10:00.500', NULL),
(9, 'Baterias', 'Baterias automotivas e de moto', '2025-11-13 10:10:00.500', NULL),
(10, 'Iluminação', 'Lâmpadas, faróis e lanternas', '2025-11-13 10:10:00.500', NULL),
(11, 'Arrefecimento', 'Radiadores, válvulas termostáticas, mangueiras', '2025-11-13 10:10:00.500', NULL),
(12, 'Visibilidade', 'Palhetas de limpador e vidros', '2025-11-13 10:10:00.500', NULL),
(13, 'Escapamento', 'Silenciosos, catalisadores e ponteiras', '2025-11-13 10:10:00.500', NULL),
(14, 'Lataria', 'Para-choques, portas e capôs', '2025-11-13 10:10:00.500', NULL),
(15, 'Acabamento Interno', 'Tapetes, forros e painéis', '2025-11-13 10:10:00.500', NULL),
(16, 'Ferramentas', 'Ferramentas manuais e especiais', '2025-11-13 10:10:00.500', NULL),
(17, 'Pneus', 'Pneus de passeio e carga', '2025-11-13 10:10:00.500', NULL),
(18, 'Rodas', 'Rodas de liga leve e aço', '2025-11-13 10:10:00.500', NULL),
(19, 'Segurança', 'Cintos, airbags e módulos', '2025-11-13 10:10:00.500', NULL),
(20, 'Acessórios', 'Som, alarmes e racks', '2025-11-13 10:10:00.500', NULL),
(21, 'Químicos', 'Adesivos, desengripantes e limpeza', '2025-11-13 10:10:00.500', NULL),
(22, 'Mangueiras', 'Mangueiras de combustível, água e ar', '2025-11-13 10:10:00.500', NULL),
(23, 'Juntas e Retentores', 'Juntas de motor e retentores', '2025-11-13 10:10:00.500', NULL),
(24, 'Rolamentos', 'Rolamentos de roda e motor', '2025-11-13 10:10:00.500', NULL),
(25, 'Parafusos e Fixação', 'Kits de parafusos e fixadores', '2025-11-13 10:10:00.500', NULL),
(26, 'Módulos Eletrônicos', 'Módulos de injeção e conforto', '2025-11-13 10:10:00.500', NULL),
(27, 'Performance', 'Filtros esportivos, turbinas', '2025-11-13 10:10:00.500', NULL),
(28, 'Direção', 'Caixas de direção, terminais e axiais', '2025-11-13 10:10:00.500', NULL),
(29, 'Ar Condicionado', 'Compressores, filtros e gás', '2025-11-13 10:10:00.500', NULL),
(30, 'Motor', 'Pistões, anéis, bielas', '2025-11-13 10:10:00.500', NULL),
(31, 'Vidros e Travas', 'Máquinas de vidro e travas elétricas', '2025-11-13 10:10:00.500', NULL),
(32, 'Borrachas e Guarnições', 'Guarnições de porta e vedação', '2025-11-13 10:10:00.500', NULL),
(33, 'Carga', 'Engates, reboques e bagageiros', '2025-11-13 10:10:00.500', NULL),
(34, 'Oficina (Diversos)', 'EPIs, material de limpeza', '2025-11-13 10:10:00.500', NULL),
(35, 'Admissão', 'TBI, corpo de borboleta, coletor', '2025-11-13 10:10:00.500', NULL);

--
-- Despejando dados para a tabela `est_fabricantes`
--

INSERT INTO `est_fabricantes` (`id`, `nome`, `cnpj`, `contato`, `created_at`, `updated_at`) VALUES
(1, 'Bosch', '12.345.678/0001-90', 'contato@bosch.com.br', '2025-11-06 23:55:09.242', NULL),
(2, 'NGK', '98.765.432/0001-10', 'suporte@ngk.com.br', '2025-11-06 23:55:09.242', NULL),
(3, 'TRW', '11.222.333/0001-44', 'vendas@trw.com.br', '2025-11-06 23:55:09.242', NULL),
(4, 'SKF', '22.333.444/0001-55', 'brasil@skf.com', '2025-11-06 23:55:09.242', NULL),
(5, 'Monroe', '33.444.555/0001-66', 'atendimento@monroe.com.br', '2025-11-06 23:55:09.242', NULL),
(6, 'Moura', '44.555.666/0001-77', 'comercial@moura.com.br', '2025-11-13 10:10:00.600', NULL),
(7, 'Osram', '55.666.777/0001-88', 'contato@osram.com.br', '2025-11-13 10:10:00.600', NULL),
(8, 'Nakata', '66.777.888/0001-99', 'vendas@nakata.com.br', '2025-11-13 10:10:00.600', NULL),
(9, 'Valeo', '77.888.999/0001-00', 'suporte@valeo.com', '2025-11-13 10:10:00.600', NULL),
(10, 'Heliar', '88.999.000/0001-11', 'contato@heliar.com.br', '2025-11-13 10:10:00.600', NULL),
(11, 'Philips', '99.000.111/0001-22', 'auto@philips.com.br', '2025-11-13 10:10:00.600', NULL),
(12, 'MTE-THOMSON', '10.111.222/0001-33', 'vendas@mte-thomson.com.br', '2025-11-13 10:10:00.600', NULL),
(13, 'Paraflu', '11.222.333/0001-44', 'contato@paraflu.com.br', '2025-11-13 10:10:00.600', NULL),
(14, 'Cofap', '12.333.444/0001-55', 'atendimento@cofap.com.br', '2025-11-13 10:10:00.600', NULL),
(15, 'Magneti Marelli', '13.444.555/0001-66', 'mm@mmarelli.com', '2025-11-13 10:10:00.600', NULL),
(16, 'Gates', '14.555.666/0001-77', 'br.vendas@gates.com', '2025-11-13 10:10:00.600', NULL),
(17, 'Fras-le', '15.666.777/0001-88', 'contato@fras-le.com', '2025-11-13 10:10:00.600', NULL),
(18, 'Continental', '16.777.888/0001-99', 'vendas.auto@continental.com', '2025-11-13 10:10:00.600', NULL),
(19, 'Luk', '17.888.999/0001-00', 'info@luk.com.br', '2025-11-13 10:10:00.600', NULL),
(20, 'Sachs', '18.999.000/0001-11', 'atendimento@sachs.com.br', '2025-11-13 10:10:00.600', NULL),
(21, 'Mobil', '19.000.111/0001-22', 'sac@mobil.com', '2025-11-13 10:10:00.600', NULL),
(22, 'Castrol', '20.111.222/0001-33', 'faleconosco@castrol.com.br', '2025-11-13 10:10:00.600', NULL),
(23, 'Goodyear', '21.222.333/0001-44', 'contato@goodyear.com.br', '2025-11-13 10:10:00.600', NULL),
(24, 'Pirelli', '22.333.444/0001-55', 'atendimento.pneu@pirelli.com', '2025-11-13 10:10:00.600', NULL),
(25, 'Delphi', '23.444.555/0001-66', 'sac.delphi@borgwarner.com', '2025-11-13 10:10:00.600', NULL),
(26, '3M', '24.555.666/0001-77', 'auto@3m.com.br', '2025-11-13 10:10:00.600', NULL),
(27, 'Wurth', '25.666.777/0001-88', 'vendas@wurth.com.br', '2025-11-13 10:10:00.600', NULL),
(28, 'Denso', '26.777.888/0001-99', 'sac@denso.com.br', '2025-11-13 10:10:00.600', NULL),
(29, 'Acdelco', '27.888.999/0001-00', 'contato@acdelco.com.br', '2025-11-13 10:10:00.600', NULL),
(30, 'Cobreq', '28.999.000/0001-11', 'vendas@cobreq.com.br', '2025-11-13 10:10:00.600', NULL),
(31, 'Elf', '29.000.111/0001-22', 'sac@totalenergies.com.br', '2025-11-13 10:10:00.600', NULL),
(32, 'Ipiranga', '30.111.222/0001-33', 'lubrificantes@ipiranga.com.br', '2025-11-13 10:10:00.600', NULL),
(33, 'Petrobras', '31.222.333/0001-44', 'br@br.com.br', '2025-11-13 10:10:00.600', NULL),
(34, 'Mahle', '32.333.444/0001-55', 'contato@mahle.com.br', '2025-11-13 10:10:00.600', NULL),
(35, 'Mann-Filter', '33.444.555/0001-66', 'vendas@mann-hummel.com', '2025-11-13 10:10:00.600', NULL);

--
-- Despejando dados para a tabela `est_localizacoes`
--

INSERT INTO `est_localizacoes` (`id`, `descricao`, `corredor`, `prateleira`, `created_at`, `updated_at`) VALUES
(1, 'Estante principal', 'A', '1', '2025-11-06 23:55:09.297', NULL),
(2, 'Estante lateral', 'A', '2', '2025-11-06 23:55:09.297', NULL),
(3, 'Galpão peças pesadas', 'B', '3', '2025-11-06 23:55:09.297', NULL),
(4, 'Mezanino elétricos', 'C', '1', '2025-11-06 23:55:09.297', NULL),
(5, 'Área pneus/suspensão', 'D', '2', '2025-11-06 23:55:09.297', NULL),
(6, 'Estante Fluidos', 'A', '3', '2025-11-13 10:10:00.700', NULL),
(7, 'Estante Baterias', 'A', '4', '2025-11-13 10:10:00.700', NULL),
(8, 'Ganchos Correias', 'B', '1', '2025-11-13 10:10:00.700', NULL),
(9, 'Estante Injeção', 'B', '2', '2025-11-13 10:10:00.700', NULL),
(10, 'Prateleira Iluminação', 'C', '2', '2025-11-13 10:10:00.700', NULL),
(11, 'Prateleira Arrefecimento', 'C', '3', '2025-11-13 10:10:00.700', NULL),
(12, 'Caixa Palhetas', 'C', '4', '2025-11-13 10:10:00.700', NULL),
(13, 'Área Escapamentos', 'D', '1', '2025-11-13 10:10:00.700', NULL),
(14, 'Galpão Lataria', 'E', '1', '2025-11-13 10:10:00.700', NULL),
(15, 'Prateleira Acabamento', 'E', '2', '2025-11-13 10:10:00.700', NULL),
(16, 'Armário Ferramentas', 'F', '1', '2025-11-13 10:10:00.700', NULL),
(17, 'Área Pneus', 'G', '1', '2025-11-13 10:10:00.700', NULL),
(18, 'Expositor Rodas', 'G', '2', '2025-11-13 10:10:00.700', NULL),
(19, 'Armário Segurança', 'H', '1', '2025-11-13 10:10:00.700', NULL),
(20, 'Gôndola Acessórios', 'H', '2', '2025-11-13 10:10:00.700', NULL),
(21, 'Estante Químicos', 'I', '1', '2025-11-13 10:10:00.700', NULL),
(22, 'Caixa Mangueiras', 'I', '2', '2025-11-13 10:10:00.700', NULL),
(23, 'Gaveteiro Juntas', 'J', '1', '2025-11-13 10:10:00.700', NULL),
(24, 'Gaveteiro Rolamentos', 'J', '2', '2025-11-13 10:10:00.700', NULL),
(25, 'Caixa Fixação', 'J', '3', '2025-11-13 10:10:00.700', NULL),
(26, 'Sala Módulos (Climatizada)', 'K', '1', '2025-11-13 10:10:00.700', NULL),
(27, 'Estante Performance', 'K', '2', '2025-11-13 10:10:00.700', NULL),
(28, 'Prateleira Direção', 'L', '1', '2025-11-13 10:10:00.700', NULL),
(29, 'Estante Ar Condicionado', 'L', '2', '2025-11-13 10:10:00.700', NULL),
(30, 'Galpão Motores', 'M', '1', '2025-11-13 10:10:00.700', NULL),
(31, 'Estante Vidros e Travas', 'M', '2', '2025-11-13 10:10:00.700', NULL),
(32, 'Caixa Borrachas', 'N', '1', '2025-11-13 10:10:00.700', NULL),
(33, 'Área Carga/Engates', 'N', '2', '2025-11-13 10:10:00.700', NULL),
(34, 'Armário Oficina', 'P', '1', '2025-11-13 10:10:00.700', NULL),
(35, 'Estante Admissão', 'P', '2', '2025-11-13 10:10:00.700', NULL);

--
-- Despejando dados para a tabela `est_movimentacoes`
--

INSERT INTO `est_movimentacoes` (`id`, `peca_id`, `quantidade`, `tipo`, `referencia`, `data_movimentacao`, `usuario`, `created_at`, `updated_at`) VALUES
(5001, 1001, 20, 'ENTRADA', 'NF 12345/2025 - Compra estoques', '2025-10-17 23:55:09', 'clever', '2025-11-06 23:55:09.418', NULL),
(5002, 1003, 2, 'SAIDA', 'OS #874 - Troca freio Gol', '2025-10-22 23:55:09', 'maria', '2025-11-06 23:55:09.418', NULL),
(5003, 1004, 4, 'ENTRADA', 'NF 12401/2025 - Reposição', '2025-10-25 23:55:09', 'jose', '2025-11-06 23:55:09.418', NULL),
(5004, 1002, 1, 'SAIDA', 'OS #905 - Revisão HB20', '2025-10-28 23:55:09', 'ana', '2025-11-06 23:55:09.418', NULL),
(5005, 1005, 3, 'AJUSTE', 'Inventário periódico', '2025-11-01 23:55:09', 'clever', '2025-11-06 23:55:09.418', NULL),
(5006, 1006, 40, 'ENTRADA', 'NF 12500/2025 - Compra NGK', '2025-11-13 10:11:00', 'clever', '2025-11-13 10:11:00.800', NULL),
(5007, 1007, 8, 'ENTRADA', 'NF 12501/2025 - Compra Bosch', '2025-11-13 10:11:00', 'maria', '2025-11-13 10:11:00.800', NULL),
(5008, 1008, 10, 'ENTRADA', 'NF 12502/2025 - Compra TRW', '2025-11-13 10:11:00', 'jose', '2025-11-13 10:11:00.800', NULL),
(5009, 1009, 5, 'ENTRADA', 'NF 12503/2025 - Compra SKF', '2025-11-13 10:11:00', 'ana', '2025-11-13 10:11:00.800', NULL),
(5010, 1010, 50, 'ENTRADA', 'NF 12504/2025 - Compra Monroe', '2025-11-13 10:11:00', 'clever', '2025-11-13 10:11:00.800', NULL),
(5011, 1011, 10, 'ENTRADA', 'NF 12505/2025 - Compra Moura', '2025-11-13 10:11:00', 'maria', '2025-11-13 10:11:00.800', NULL),
(5012, 1006, 4, 'SAIDA', 'OS #1001 - Revisão Onix', '2025-11-14 09:00:00', 'jose', '2025-11-14 09:00:00.800', NULL),
(5013, 1010, 4, 'SAIDA', 'OS #1002 - Troca Óleo Fit', '2025-11-14 09:30:00', 'ana', '2025-11-14 09:30:00.800', NULL),
(5014, 1008, 1, 'SAIDA', 'OS #1003 - Troca Freio Civic', '2025-11-14 10:00:00', 'clever', '2025-11-14 10:00:00.800', NULL),
(5015, 1009, 1, 'SAIDA', 'OS #1004 - Troca Embreagem Uno', '2025-11-14 11:00:00', 'maria', '2025-11-14 11:00:00.800', NULL),
(5016, 1012, 30, 'ENTRADA', 'NF 12506/2025 - Compra Osram', '2025-11-13 10:11:00', 'jose', '2025-11-13 10:11:00.800', NULL),
(5017, 1013, 15, 'ENTRADA', 'NF 12507/2025 - Compra Nakata', '2025-11-13 10:11:00', 'ana', '2025-11-13 10:11:00.800', NULL),
(5018, 1014, 20, 'ENTRADA', 'NF 12501/2025 - Compra Bosch', '2025-11-13 10:11:00', 'clever', '2025-11-13 10:11:00.800', NULL),
(5019, 1015, 12, 'ENTRADA', 'NF 12503/2025 - Compra SKF', '2025-11-13 10:11:00', 'maria', '2025-11-13 10:11:00.800', NULL),
(5020, 1016, 4, 'ENTRADA', 'NF 12508/2025 - Compra Valeo', '2025-11-13 10:11:00', 'jose', '2025-11-13 10:11:00.800', NULL),
(5021, 1017, 8, 'ENTRADA', 'NF 12507/2025 - Compra Nakata', '2025-11-13 10:11:00', 'ana', '2025-11-13 10:11:00.800', NULL),
(5022, 1018, 60, 'ENTRADA', 'NF 12502/2025 - Compra TRW', '2025-11-13 10:11:00', 'clever', '2025-11-13 10:11:00.800', NULL),
(5023, 1019, 10, 'ENTRADA', 'NF 12500/2025 - Compra NGK', '2025-11-13 10:11:00', 'maria', '2025-11-13 10:11:00.800', NULL),
(5024, 1020, 25, 'ENTRADA', 'NF 12504/2025 - Compra Monroe', '2025-11-13 10:11:00', 'jose', '2025-11-13 10:11:00.800', NULL),
(5025, 1021, 30, 'ENTRADA', 'NF 12501/2025 - Compra Bosch', '2025-11-13 10:11:00', 'ana', '2025-11-13 10:11:00.800', NULL),
(5026, 1022, 1, 'SAIDA', 'OS #1005 - Reparo Injeção UP', '2025-11-14 14:00:00', 'clever', '2025-11-14 14:00:00.800', NULL),
(5027, 1023, 1, 'SAIDA', 'OS #1006 - Troca Freio Hilux', '2025-11-14 15:00:00', 'maria', '2025-11-14 15:00:00.800', NULL),
(5028, 1024, 2, 'SAIDA', 'OS #1001 - Revisão Onix', '2025-11-14 09:00:00', 'jose', '2025-11-14 09:00:00.800', NULL),
(5029, 1025, 1, 'SAIDA', 'OS #1007 - Reparo Alternador Cruze', '2025-11-14 16:00:00', 'ana', '2025-11-14 16:00:00.800', NULL),
(5030, 1026, 8, 'ENTRADA', 'NF 12509/2025 - Compra Heliar', '2025-11-13 10:11:00', 'clever', '2025-11-13 10:11:00.800', NULL),
(5031, 1028, 1, 'SAIDA', 'OS #1008 - Reparo Arrefecimento Palio', '2025-11-14 17:00:00', 'maria', '2025-11-14 17:00:00.800', NULL),
(5032, 1029, 10, 'AJUSTE', 'Contagem de inventário - Sobra', '2025-11-15 08:00:00', 'jose', '2025-11-15 08:00:00.800', NULL),
(5033, 1032, 1, 'AJUSTE', 'Peça descontinuada - Baixa', '2025-11-15 08:05:00', 'ana', '2025-11-15 08:05:00.800', NULL),
(5034, 1034, 2, 'SAIDA', 'OS #1009 - Troca Suspensão Ka', '2025-11-15 09:00:00', 'clever', '2025-11-15 09:00:00.800', NULL),
(5035, 1035, 2, 'SAIDA', 'OS #1010 - Reparo Roda Gol', '2025-11-15 10:00:00', 'maria', '2025-11-15 10:00:00.800', NULL);

--
-- Despejando dados para a tabela `est_pecas`
--

INSERT INTO `est_pecas` (`id`, `codigo`, `descricao`, `fabricante_id`, `categoria_id`, `localizacao_id`, `preco_unitario`, `quantidade`, `estoque_minimo`, `estoque_maximo`, `unidade`, `status`, `observacoes`, `data_cadastro`, `created_at`, `updated_at`) VALUES
(1001, 'FLT-OL-FOX1', 'Filtro de óleo VW Fox 1.6 8v (Bosch)', 1, 1, 1, 29.90, 25, 5, 50, 'UN', 'Ativo', 'Aplicação: EA111/EA113', '2025-11-06 23:55:09', '2025-11-06 23:55:09.374', NULL),
(1002, 'FLT-AR-HB20', 'Filtro de ar Hyundai HB20 1.0/1.6 (NGK)', 2, 1, 2, 39.50, 18, 5, 40, 'UN', 'Ativo', 'Compatível 2012–2019', '2025-11-06 23:55:09', '2025-11-06 23:55:09.374', NULL),
(1003, 'PST-FREIO-GOL', 'Pastilha de freio dianteira Gol G5/G6 (TRW)', 3, 3, 3, 119.90, 12, 4, 30, 'JGO', 'Ativo', 'Jogo com 4 peças', '2025-11-06 23:55:09', '2025-11-06 23:55:09.374', NULL),
(1004, 'AMT-FR-STR', 'Amortecedor dianteiro Strada (Monroe)', 5, 4, 5, 349.00, 6, 2, 12, 'UN', 'Ativo', 'Linha Original', '2025-11-06 23:55:09', '2025-11-06 23:55:09.374', NULL),
(1005, 'COR-DENT-PAL', 'Correia dentada Palio 1.0/1.3 (SKF)', 4, 2, 4, 89.00, 15, 3, 25, 'UN', 'Ativo', 'Verificar tensor', '2025-11-06 23:55:09', '2025-11-06 23:55:09.374', NULL),
(1006, 'VLG-IGN-ONIX', 'Vela de ignição Onix 1.0 (NGK)', 2, 5, 1, 45.00, 40, 10, 80, 'UN', 'Ativo', 'Jogo com 4 unidades', '2025-11-13 10:00:00', '2025-11-13 10:00:00.100', NULL),
(1007, 'BMP-COMB-FIT', 'Bomba de combustível Honda Fit 1.4/1.5 (Bosch)', 1, 6, 2, 289.90, 8, 3, 15, 'UN', 'Ativo', 'Compatível 2009-2014', '2025-11-13 10:00:00', '2025-11-13 10:00:00.100', NULL),
(1008, 'DSC-FREIO-CIV', 'Disco de freio dianteiro Civic (TRW)', 3, 3, 3, 215.50, 10, 4, 20, 'PAR', 'Ativo', 'Par, ventilado', '2025-11-13 10:00:00', '2025-11-13 10:00:00.100', NULL),
(1009, 'KIT-EMB-UNO', 'Kit de embreagem Uno Fire 1.0 (SKF)', 4, 7, 4, 450.00, 5, 2, 10, 'KIT', 'Ativo', 'Platô + Disco + Rolamento', '2025-11-13 10:00:00', '2025-11-13 10:00:00.100', NULL),
(1010, 'OLEO-5W30-SINT', 'Óleo de motor 5W30 Sintético (Monroe)', 5, 8, 5, 59.90, 50, 20, 100, 'L', 'Ativo', 'API SN', '2025-11-13 10:00:00', '2025-11-13 10:00:00.100', NULL),
(1011, 'BAT-MOURA-60A', 'Bateria 60Ah M60AD (Moura)', 6, 9, 1, 410.00, 10, 5, 20, 'UN', 'Ativo', '18 meses garantia', '2025-11-13 10:00:00', '2025-11-13 10:00:00.100', NULL),
(1012, 'LAMP-H4-OSRAM', 'Lâmpada H4 Night Breaker (Osram)', 7, 10, 2, 75.00, 30, 10, 60, 'PAR', 'Ativo', 'Super Branca', '2025-11-13 10:00:00', '2025-11-13 10:00:00.100', NULL),
(1013, 'PIVO-SUSP-CORS', 'Pivô de suspensão Corsa (Nakata)', 8, 4, 3, 65.00, 15, 5, 30, 'UN', 'Ativo', 'Lado Esquerdo/Direito', '2025-11-13 10:00:00', '2025-11-13 10:00:00.100', NULL),
(1014, 'FLT-CAB-COROL', 'Filtro de cabine Corolla (Bosch)', 1, 1, 4, 49.90, 20, 10, 40, 'UN', 'Ativo', 'Carvão ativado', '2025-11-13 10:00:00', '2025-11-13 10:00:00.100', NULL),
(1015, 'TENSOR-COR-GOL', 'Tensor correia dentada Gol EA111 (SKF)', 4, 2, 5, 130.00, 12, 3, 25, 'UN', 'Ativo', 'Apenas tensor', '2025-11-13 10:00:00', '2025-11-13 10:00:00.100', NULL),
(1016, 'RAD-AGUA-CELTA', 'Radiador de água Celta/Prisma (Valeo)', 9, 11, 1, 399.00, 4, 2, 8, 'UN', 'Ativo', 'Com A/C', '2025-11-13 10:00:00', '2025-11-13 10:00:00.100', NULL),
(1017, 'HOMOCIN-KA', 'Junta Homocinética Ford Ka 1.0 (Nakata)', 8, 7, 2, 179.90, 8, 3, 15, 'KIT', 'Ativo', 'Kit completo com coifa', '2025-11-13 10:00:00', '2025-11-13 10:00:00.100', NULL),
(1018, 'FLUIDO-FREIO-DOT4', 'Fluido de freio DOT4 500ml (TRW)', 3, 8, 3, 22.50, 60, 20, 100, 'UN', 'Ativo', 'Sintético', '2025-11-13 10:00:00', '2025-11-13 10:00:00.100', NULL),
(1019, 'BOB-IGN-FOX', 'Bobina de ignição Fox 1.6 (NGK)', 2, 5, 4, 199.00, 10, 4, 20, 'UN', 'Ativo', '4 pinos', '2025-11-13 10:00:00', '2025-11-13 10:00:00.100', NULL),
(1020, 'OLEO-CAMBIO-ATF', 'Óleo câmbio automático ATF 1L (Monroe)', 5, 8, 5, 75.00, 25, 10, 50, 'L', 'Ativo', 'Dexron VI', '2025-11-13 10:00:00', '2025-11-13 10:00:00.100', NULL),
(1021, 'PALHETA-SL-20', 'Palheta limpador Silicone 20\" (Bosch)', 1, 12, 1, 35.00, 30, 10, 60, 'UN', 'Ativo', 'Aerofit', '2025-11-13 10:00:00', '2025-11-13 10:00:00.100', NULL),
(1022, 'SONDA-LAMBDA-UP', 'Sonda Lambda VW UP TSI (NGK)', 2, 6, 2, 280.00, 7, 3, 15, 'UN', 'Ativo', 'Pré-catalisador', '2025-11-13 10:00:00', '2025-11-13 10:00:00.100', NULL),
(1023, 'PST-FREIO-HILUX', 'Pastilha de freio Hilux 2.8 (TRW)', 3, 3, 3, 259.90, 8, 3, 15, 'JGO', 'Ativo', 'Cerâmica', '2025-11-13 10:00:00', '2025-11-13 10:00:00.100', NULL),
(1024, 'AMT-TR-ONIX', 'Amortecedor traseiro Onix (Monroe)', 5, 4, 5, 299.00, 6, 2, 12, 'UN', 'Ativo', 'Linha OESpectrum', '2025-11-13 10:00:00', '2025-11-13 10:00:00.100', NULL),
(1025, 'KIT-COR-ALT-CRUZE', 'Kit correia alternador Cruze 1.8 (SKF)', 4, 2, 4, 210.00, 10, 3, 20, 'KIT', 'Ativo', 'Correia + Tensor', '2025-11-13 10:00:00', '2025-11-13 10:00:00.100', NULL),
(1026, 'BAT-HELIAR-70A', 'Bateria 70Ah HG70ND (Heliar)', 10, 9, 1, 519.00, 8, 3, 15, 'UN', 'Ativo', '24 meses garantia', '2025-11-13 10:00:00', '2025-11-13 10:00:00.100', NULL),
(1027, 'LAMP-H7-PHILIPS', 'Lâmpada H7 X-treme Vision (Philips)', 11, 10, 2, 110.00, 20, 5, 40, 'PAR', 'Ativo', '+130% luz', '2025-11-13 10:00:00', '2025-11-13 10:00:00.100', NULL),
(1028, 'TERM-AGUA-PALIO', 'Válvula termostática Palio Fire (MTE)', 12, 11, 3, 85.00, 15, 5, 30, 'UN', 'Ativo', 'Completa com carcaça', '2025-11-13 10:00:00', '2025-11-13 10:00:00.100', NULL),
(1029, 'FLT-COMB-GOLG5', 'Filtro de combustível Gol G5 (Bosch)', 1, 1, 4, 25.00, 50, 15, 100, 'UN', 'Ativo', 'Filtro externo', '2025-11-13 10:00:00', '2025-11-13 10:00:00.100', NULL),
(1030, 'ADIT-RAD-PARAFLU', 'Aditivo radiador Paraflu Bio 1L', 13, 8, 5, 32.00, 40, 15, 80, 'L', 'Ativo', 'Rosa, orgânico', '2025-11-13 10:00:00', '2025-11-13 10:00:00.100', NULL),
(1031, 'CABO-VELA-CELTA', 'Cabo de vela Celta 1.0 (NGK)', 2, 5, 1, 115.00, 20, 5, 40, 'JGO', 'Ativo', 'Silicone', '2025-11-13 10:00:00', '2025-11-13 10:00:00.100', NULL),
(1032, 'BICO-INJETOR-308', 'Bico injetor Peugeot 308 1.6 THP (Bosch)', 1, 6, 2, 450.00, 4, 2, 8, 'UN', 'Inativo', 'Injeção direta - DESCONTINUADO', '2025-11-13 10:00:00', '2025-11-13 10:00:00.100', NULL),
(1033, 'DSC-FREIO-TR-JETTA', 'Disco de freio traseiro Jetta TSI (TRW)', 3, 3, 3, 199.00, 10, 4, 20, 'PAR', 'Ativo', 'Sólido', '2025-11-13 10:00:00', '2025-11-13 10:00:00.100', NULL),
(1034, 'KIT-BAT-AMT-KA', 'Kit batente amortecedor Ford Ka (Nakata)', 8, 4, 4, 120.00, 15, 5, 30, 'KIT', 'Ativo', 'Dianteiro (Par)', '2025-11-13 10:00:00', '2025-11-13 10:00:00.100', NULL),
(1035, 'ROLAMENTO-RODA-GOL', 'Rolamento roda dianteira Gol G5 (SKF)', 4, 7, 5, 145.00, 10, 4, 20, 'UN', 'Ativo', 'Com ABS', '2025-11-13 10:00:00', '2025-11-13 10:00:00.100', NULL);

--
-- Despejando dados para a tabela `est_pecas_anexos`
--

INSERT INTO `est_pecas_anexos` (`id`, `peca_id`, `nome`, `tipo`, `url`, `observacao`, `data_upload`, `created_at`, `updated_at`) VALUES
(7001, 1001, 'foto-filtro-oleo.jpg', 'image/jpeg', 'https://exemplo.com/media/filtro-oleo.jpg', 'Foto do produto', '2025-10-19 23:55:09', '2025-11-06 23:55:09.443', NULL),
(7002, 1002, 'catalogo-ngk.pdf', 'application/pdf', 'https://exemplo.com/docs/catalogo-ngk.pdf', 'Aplicações HB20', '2025-10-23 23:55:09', '2025-11-06 23:55:09.443', NULL),
(7003, 1003, 'pastilha-trw.jpg', 'image/jpeg', 'https://exemplo.com/media/pastilha-trw.jpg', 'Foto caixa TRW', '2025-10-27 23:55:09', '2025-11-06 23:55:09.443', NULL),
(7004, 1004, 'monroe-spec.pdf', 'application/pdf', 'https://exemplo.com/docs/monroe-spec.pdf', 'Especificação técnica', '2025-10-29 23:55:09', '2025-11-06 23:55:09.443', NULL),
(7005, 1005, 'guia-correas-skf.pdf', 'application/pdf', 'https://exemplo.com/docs/guia-correas-skf.pdf', 'Guia de instalação', '2025-11-03 23:55:09', '2025-11-06 23:55:09.443', NULL),
(7006, 1006, 'vela-onix-ngk.jpg', 'image/jpeg', 'https://exemplo.com/media/vela-onix-ngk.jpg', 'Foto do produto', '2025-11-13 10:01:00', '2025-11-13 10:01:00.200', NULL),
(7007, 1007, 'bomba-fit-bosch.pdf', 'application/pdf', 'https://exemplo.com/docs/bomba-fit-bosch.pdf', 'Manual de instalação', '2025-11-13 10:01:00', '2025-11-13 10:01:00.200', NULL),
(7008, 1008, 'disco-civic-trw.jpg', 'image/jpeg', 'https://exemplo.com/media/disco-civic-trw.jpg', 'Foto da caixa', '2025-11-13 10:01:00', '2025-11-13 10:01:00.200', NULL),
(7009, 1009, 'embreagem-uno-skf.jpg', 'image/jpeg', 'https://exemplo.com/media/embreagem-uno-skf.jpg', 'Foto do kit', '2025-11-13 10:01:00', '2025-11-13 10:01:00.200', NULL),
(7010, 1010, 'oleo-5w30-monroe.pdf', 'application/pdf', 'https://exemplo.com/docs/oleo-5w30-monroe.pdf', 'Ficha técnica (FISPQ)', '2025-11-13 10:01:00', '2025-11-13 10:01:00.200', NULL),
(7011, 1011, 'bateria-moura-m60ad.jpg', 'image/jpeg', 'https://exemplo.com/media/bateria-moura-m60ad.jpg', 'Foto produto', '2025-11-13 10:01:00', '2025-11-13 10:01:00.200', NULL),
(7012, 1012, 'lamp-h4-osram-nb.pdf', 'application/pdf', 'https://exemplo.com/docs/lamp-h4-osram-nb.pdf', 'Especificações', '2025-11-13 10:01:00', '2025-11-13 10:01:00.200', NULL),
(7013, 1013, 'pivo-corsa-nakata.jpg', 'image/jpeg', 'https://exemplo.com/media/pivo-corsa-nakata.jpg', 'Foto', '2025-11-13 10:01:00', '2025-11-13 10:01:00.200', NULL),
(7014, 1014, 'filtro-cabine-corolla.jpg', 'image/jpeg', 'https://exemplo.com/media/filtro-cabine-corolla.jpg', 'Foto aplicação', '2025-11-13 10:01:00', '2025-11-13 10:01:00.200', NULL),
(7015, 1015, 'tensor-gol-skf.pdf', 'application/pdf', 'https://exemplo.com/docs/tensor-gol-skf.pdf', 'Guia de aplicação', '2025-11-13 10:01:00', '2025-11-13 10:01:00.200', NULL),
(7016, 1016, 'radiador-celta-valeo.jpg', 'image/jpeg', 'https://exemplo.com/media/radiador-celta-valeo.jpg', 'Foto produto', '2025-11-13 10:01:00', '2025-11-13 10:01:00.200', NULL),
(7017, 1017, 'homocinetica-ka-nakata.jpg', 'image/jpeg', 'https://exemplo.com/media/homocinetica-ka-nakata.jpg', 'Foto do kit', '2025-11-13 10:01:00', '2025-11-13 10:01:00.200', NULL),
(7018, 1018, 'fluido-freio-dot4-trw.pdf', 'application/pdf', 'https://exemplo.com/docs/fluido-freio-dot4-trw.pdf', 'FISPQ', '2025-11-13 10:01:00', '2025-11-13 10:01:00.200', NULL),
(7019, 1019, 'bobina-fox-ngk.jpg', 'image/jpeg', 'https://exemplo.com/media/bobina-fox-ngk.jpg', 'Foto produto', '2025-11-13 10:01:00', '2025-11-13 10:01:00.200', NULL),
(7020, 1020, 'oleo-atf-monroe.jpg', 'image/jpeg', 'https://exemplo.com/media/oleo-atf-monroe.jpg', 'Foto frasco', '2025-11-13 10:01:00', '2025-11-13 10:01:00.200', NULL),
(7021, 1021, 'palheta-bosch-aerofit.pdf', 'application/pdf', 'https://exemplo.com/docs/palheta-bosch-aerofit.pdf', 'Tabela de aplicação', '2025-11-13 10:01:00', '2025-11-13 10:01:00.200', NULL),
(7022, 1022, 'sonda-up-ngk.jpg', 'image/jpeg', 'https://exemplo.com/media/sonda-up-ngk.jpg', 'Foto conector', '2025-11-13 10:01:00', '2025-11-13 10:01:00.200', NULL),
(7023, 1023, 'pastilha-hilux-trw.jpg', 'image/jpeg', 'https://exemplo.com/media/pastilha-hilux-trw.jpg', 'Foto cerâmica', '2025-11-13 10:01:00', '2025-11-13 10:01:00.200', NULL),
(7024, 1024, 'amortecedor-onix-monroe.pdf', 'application/pdf', 'https://exemplo.com/docs/amortecedor-onix-monroe.pdf', 'Garantia OESpectrum', '2025-11-13 10:01:00', '2025-11-13 10:01:00.200', NULL),
(7025, 1025, 'kit-alt-cruze-skf.jpg', 'image/jpeg', 'https://exemplo.com/media/kit-alt-cruze-skf.jpg', 'Foto kit', '2025-11-13 10:01:00', '2025-11-13 10:01:00.200', NULL),
(7026, 1026, 'bateria-heliar-70a.jpg', 'image/jpeg', 'https://exemplo.com/media/bateria-heliar-70a.jpg', 'Foto produto', '2025-11-13 10:01:00', '2025-11-13 10:01:00.200', NULL),
(7027, 1027, 'lamp-h7-philips.pdf', 'application/pdf', 'https://exemplo.com/docs/lamp-h7-philips.pdf', 'Especificações técnicas', '2025-11-13 10:01:00', '2025-11-13 10:01:00.200', NULL),
(7028, 1028, 'valvula-palio-mte.jpg', 'image/jpeg', 'https://exemplo.com/media/valvula-palio-mte.jpg', 'Foto carcaça', '2025-11-13 10:01:00', '2025-11-13 10:01:00.200', NULL),
(7029, 1029, 'filtro-comb-golg5-bosch.jpg', 'image/jpeg', 'https://exemplo.com/media/filtro-comb-golg5-bosch.jpg', 'Foto', '2025-11-13 10:01:00', '2025-11-13 10:01:00.200', NULL),
(7030, 1030, 'aditivo-paraflu-bio.pdf', 'application/pdf', 'https://exemplo.com/docs/aditivo-paraflu-bio.pdf', 'FISPQ', '2025-11-13 10:01:00', '2025-11-13 10:01:00.200', NULL),
(7031, 1031, 'cabo-vela-celta-ngk.jpg', 'image/jpeg', 'https://exemplo.com/media/cabo-vela-celta-ngk.jpg', 'Foto caixa', '2025-11-13 10:01:00', '2025-11-13 10:01:00.200', NULL),
(7032, 1032, 'bico-thp-bosch.jpg', 'image/jpeg', 'https://exemplo.com/media/bico-thp-bosch.jpg', 'Foto do bico (antiga)', '2025-11-13 10:01:00', '2025-11-13 10:01:00.200', NULL),
(7033, 1033, 'disco-jetta-trw.pdf', 'application/pdf', 'https://exemplo.com/docs/disco-jetta-trw.pdf', 'Dimensões', '2025-11-13 10:01:00', '2025-11-13 10:01:00.200', NULL),
(7034, 1034, 'kit-batente-ka-nakata.jpg', 'image/jpeg', 'https://exemplo.com/media/kit-batente-ka-nakata.jpg', 'Foto kit', '2025-11-13 10:01:00', '2025-11-13 10:01:00.200', NULL),
(7035, 1035, 'rolamento-gol-skf.jpg', 'image/jpeg', 'https://exemplo.com/media/rolamento-gol-skf.jpg', 'Foto produto', '2025-11-13 10:01:00', '2025-11-13 10:01:00.200', NULL);

--
-- Despejando dados para a tabela `est_pecas_fornecedores`
--

INSERT INTO `est_pecas_fornecedores` (`id`, `peca_id`, `fornecedor_id`, `preco`, `prazo_entrega`, `observacao`, `created_at`, `updated_at`) VALUES
(8001, 1001, 301, 27.90, 3, 'Fornecedor preferencial (lote mínimo 10)', '2025-11-06 23:59:27.154', NULL),
(8002, 1002, 302, 37.00, 5, 'Entrega via transportadora', '2025-11-06 23:59:27.154', NULL),
(8003, 1003, 303, 112.50, 4, 'Desconto para 5+ unidades', '2025-11-06 23:59:27.154', NULL),
(8004, 1004, 304, 335.00, 7, 'Amortecedor linha premium', '2025-11-06 23:59:27.154', NULL),
(8005, 1005, 305, 84.90, 2, 'Estoque local do fornecedor', '2025-11-06 23:59:27.154', NULL),
(8006, 1006, 301, 42.00, 2, 'Distribuidor NGK SP', '2025-11-13 10:02:00.300', NULL),
(8007, 1007, 302, 275.00, 5, 'Importação direta', '2025-11-13 10:02:00.300', NULL),
(8008, 1008, 303, 205.00, 3, 'Fornecedor TRW', '2025-11-13 10:02:00.300', NULL),
(8009, 1009, 304, 430.00, 4, 'SKF Campinas', '2025-11-13 10:02:00.300', NULL),
(8010, 1010, 305, 55.00, 1, 'Distribuidor local de lubrificantes', '2025-11-13 10:02:00.300', NULL),
(8011, 1011, 306, 390.00, 2, 'Distribuidor Moura', '2025-11-13 10:02:00.300', NULL),
(8012, 1012, 301, 70.00, 3, 'Autopeças elétricas', '2025-11-13 10:02:00.300', NULL),
(8013, 1013, 302, 60.00, 2, 'Nakata distribuidor', '2025-11-13 10:02:00.300', NULL),
(8014, 1014, 303, 45.00, 4, 'Bosch Service', '2025-11-13 10:02:00.300', NULL),
(8015, 1015, 304, 122.00, 3, 'SKF Campinas', '2025-11-13 10:02:00.300', NULL),
(8016, 1016, 305, 380.00, 6, 'Valeo (encomenda)', '2025-11-13 10:02:00.300', NULL),
(8017, 1017, 306, 170.00, 2, 'Nakata distribuidor', '2025-11-13 10:02:00.300', NULL),
(8018, 1018, 301, 20.00, 1, 'TRW Químicos', '2025-11-13 10:02:00.300', NULL),
(8019, 1019, 302, 189.00, 3, 'Distribuidor NGK SP', '2025-11-13 10:02:00.300', NULL),
(8020, 1020, 303, 70.00, 2, 'Distribuidor local de lubrificantes', '2025-11-13 10:02:00.300', NULL),
(8021, 1021, 304, 31.00, 1, 'Bosch Service', '2025-11-13 10:02:00.300', NULL),
(8022, 1022, 305, 265.00, 5, 'Importação direta', '2025-11-13 10:02:00.300', NULL),
(8023, 1023, 306, 245.00, 4, 'Fornecedor TRW', '2025-11-13 10:02:00.300', NULL),
(8024, 1024, 301, 285.00, 3, 'Monroe premium', '2025-11-13 10:02:00.300', NULL),
(8025, 1025, 302, 200.00, 2, 'SKF Campinas', '2025-11-13 10:02:00.300', NULL),
(8026, 1026, 303, 499.00, 2, 'Distribuidor Heliar', '2025-11-13 10:02:00.300', NULL),
(8027, 1027, 304, 100.00, 4, 'Philips Auto', '2025-11-13 10:02:00.300', NULL),
(8028, 1028, 305, 79.00, 3, 'MTE-THOMSON', '2025-11-13 10:02:00.300', NULL),
(8029, 1029, 306, 22.00, 1, 'Bosch Service', '2025-11-13 10:02:00.300', NULL),
(8030, 1030, 301, 29.00, 1, 'Distribuidor local de lubrificantes', '2025-11-13 10:02:00.300', NULL),
(8031, 1031, 302, 105.00, 2, 'Distribuidor NGK SP', '2025-11-13 10:02:00.300', NULL),
(8032, 1032, 303, 430.00, 10, 'Importação (sem estoque)', '2025-11-13 10:02:00.300', NULL),
(8033, 1033, 304, 185.00, 3, 'Fornecedor TRW', '2025-11-13 10:02:00.300', NULL),
(8034, 1034, 305, 110.00, 2, 'Nakata distribuidor', '2025-11-13 10:02:00.300', NULL),
(8035, 1035, 306, 135.00, 2, 'SKF Campinas', '2025-11-13 10:02:00.300', NULL);

--
-- Despejando dados para a tabela `est_pecas_historico`
--

INSERT INTO `est_pecas_historico` (`id`, `peca_id`, `data_alteracao`, `usuario`, `campo`, `valor_antigo`, `valor_novo`, `created_at`, `updated_at`) VALUES
(9001, 1001, '2025-10-18 23:59:27', 'clever', 'preco_unitario', '26.90', '29.90', '2025-11-06 23:59:27.187', NULL),
(9002, 1003, '2025-10-24 23:59:27', 'maria', 'quantidade', '10', '12', '2025-11-06 23:59:27.187', NULL),
(9003, 1004, '2025-10-26 23:59:27', 'jose', 'localizacao_id', '3', '5', '2025-11-06 23:59:27.187', NULL),
(9004, 1002, '2025-10-29 23:59:27', 'ana', 'observacoes', NULL, 'Compatível 2012–2019', '2025-11-06 23:59:27.187', NULL),
(9005, 1005, '2025-11-02 23:59:27', 'clever', 'preco_unitario', '79.90', '89.00', '2025-11-06 23:59:27.187', NULL),
(9006, 1006, '2025-11-13 10:03:00', 'clever', 'quantidade', '0', '40', '2025-11-13 10:03:00.400', NULL),
(9007, 1007, '2025-11-13 10:03:00', 'maria', 'preco_unitario', '299.90', '289.90', '2025-11-13 10:03:00.400', NULL),
(9008, 1008, '2025-11-13 10:03:00', 'jose', 'localizacao_id', '1', '3', '2025-11-13 10:03:00.400', NULL),
(9009, 1009, '2025-11-13 10:03:00', 'ana', 'quantidade', '0', '5', '2025-11-13 10:03:00.400', NULL),
(9010, 1010, '2025-11-13 10:03:00', 'clever', 'preco_unitario', '55.00', '59.90', '2025-11-13 10:03:00.400', NULL),
(9011, 1011, '2025-11-13 10:03:00', 'maria', 'estoque_minimo', '2', '5', '2025-11-13 10:03:00.400', NULL),
(9012, 1012, '2025-11-13 10:03:00', 'jose', 'quantidade', '0', '30', '2025-11-13 10:03:00.400', NULL),
(9013, 1013, '2025-11-13 10:03:00', 'ana', 'preco_unitario', '69.00', '65.00', '2025-11-13 10:03:00.400', NULL),
(9014, 1014, '2025-11-13 10:03:00', 'clever', 'localizacao_id', '2', '4', '2025-11-13 10:03:00.400', NULL),
(9015, 1015, '2025-11-13 10:03:00', 'maria', 'quantidade', '0', '12', '2025-11-13 10:03:00.400', NULL),
(9016, 1016, '2025-11-13 10:03:00', 'jose', 'status', 'Ativo', 'Inativo', '2025-11-13 10:03:00.400', NULL),
(9017, 1016, '2025-11-13 10:04:00', 'jose', 'status', 'Inativo', 'Ativo', '2025-11-13 10:03:00.400', NULL),
(9018, 1017, '2025-11-13 10:03:00', 'ana', 'preco_unitario', '185.00', '179.90', '2025-11-13 10:03:00.400', NULL),
(9019, 1018, '2025-11-13 10:03:00', 'clever', 'quantidade', '0', '60', '2025-11-13 10:03:00.400', NULL),
(9020, 1019, '2025-11-13 10:03:00', 'maria', 'localizacao_id', '1', '4', '2025-11-13 10:03:00.400', NULL),
(9021, 1020, '2025-11-13 10:03:00', 'jose', 'observacoes', NULL, 'Dexron VI', '2025-11-13 10:03:00.400', NULL),
(9022, 1021, '2025-11-13 10:03:00', 'ana', 'quantidade', '0', '30', '2025-11-13 10:03:00.400', NULL),
(9023, 1022, '2025-11-13 10:03:00', 'clever', 'preco_unitario', '280.00', '285.00', '2025-11-13 10:03:00.400', NULL),
(9024, 1023, '2025-11-13 10:03:00', 'maria', 'observacoes', 'Jogo com 4 peças', 'Cerâmica', '2025-11-13 10:03:00.400', NULL),
(9025, 1024, '2025-11-13 10:03:00', 'jose', 'quantidade', '0', '6', '2025-11-13 10:03:00.400', NULL),
(9026, 1025, '2025-11-13 10:03:00', 'ana', 'localizacao_id', '5', '4', '2025-11-13 10:03:00.400', NULL),
(9027, 1026, '2025-11-13 10:03:00', 'clever', 'preco_unitario', '500.00', '519.00', '2025-11-13 10:03:00.400', NULL),
(9028, 1027, '2025-11-13 10:03:00', 'maria', 'quantidade', '0', '20', '2025-11-13 10:03:00.400', NULL),
(9029, 1028, '2025-11-13 10:03:00', 'jose', 'codigo', 'TERM-PALIO', 'TERM-AGUA-PALIO', '2025-11-13 10:03:00.400', NULL),
(9030, 1029, '2025-11-13 10:03:00', 'ana', 'quantidade', '0', '50', '2025-11-13 10:03:00.400', NULL),
(9031, 1030, '2025-11-13 10:03:00', 'clever', 'estoque_maximo', '50', '80', '2025-11-13 10:03:00.400', NULL),
(9032, 1031, '2025-11-13 10:03:00', 'maria', 'preco_unitario', '110.00', '115.00', '2025-11-13 10:03:00.400', NULL),
(9033, 1032, '2025-11-13 10:03:00', 'jose', 'status', 'Ativo', 'Inativo', '2025-11-13 10:03:00.400', NULL),
(9034, 1033, '2025-11-13 10:03:00', 'ana', 'quantidade', '0', '10', '2025-11-13 10:03:00.400', NULL),
(9035, 1034, '2025-11-13 10:03:00', 'clever', 'localizacao_id', '1', '4', '2025-11-13 10:03:00.400', NULL);

--
-- Despejando dados para a tabela `fin_anexos`
--

SET FOREIGN_KEY_CHECKS=1;
COMMIT;
